,Unnamed: 0,salet reductions,salet score,reast reductions,reast score,crate reductions,crate score,trace reductions,trace score,slate reductions,slate score,crane reductions,crane score,word1,word2,word3,word4,word5,RepeatN,WordCharacter,salet Topics,reast Topics,crate Topics,trace Topics,slate Topics,crane Topics,salet Description,reast Description,crate Description,trace Description,slate Description,crane Description,salet Attitude,reast Attitude,crate Attitude,trace Attitude,slate Attitude,crane Attitude,Number of reported results,Number in hard mode,1 Try,2 Tries,3 Tries,4 Tries,5 Tries,6 Tries,Above 6 Tries,cluster
0,0,6,2,10,3,30,3,30,3,3.0,2,36,3,18,10,20,12,15,0,7,1,1,0,1,1,1,0,0,0,0,0,1,0.44303843,0.44141603,0.44141603,0.4299089,0.44303843,0.43624184,80630,1362,0.01,0.03,0.23,0.39,0.24,0.09,0.01,0
1,1,15,3,9,4,3,3,3,3,8.0,3,1,2,2,16,0,13,10,0,7,1,1,0,1,1,1,0,0,0,0,0,0,0.4631398,0.4631398,0.4631398,0.4512561,0.5011362,0.4588719,101503,1763,0.01,0.05,0.23,0.31,0.24,0.14,0.02,2
2,2,32,3,19,3,6,3,6,3,24.0,3,7,3,6,13,17,6,4,1,7,1,1,0,1,1,1,0,0,0,0,0,0,0.4631398,0.46805245,0.4631398,0.4512561,0.4631398,0.4588719,91477,1913,0.01,0.03,0.13,0.27,0.3,0.22,0.04,0
3,3,34,4,23,4,16,3,16,3,24.0,3,20,3,16,19,4,17,24,0,7,2,0,1,2,2,2,0,0,0,0,0,0,0.4631398,0.48569387,0.4344419,0.42814162,0.4631398,0.4588719,107134,2242,0.01,0.04,0.16,0.3,0.3,0.17,0.02,2
4,4,38,4,19,3,8,2,8,2,38.0,4,5,3,3,16,8,13,10,0,12,2,2,1,2,2,2,0,0,0,0,0,0,0.42349446,0.44999126,0.4488398,0.43619344,0.42349446,0.41658968,153880,3017,0.01,0.09,0.35,0.34,0.16,0.05,0.01,2
5,5,17,3,12,2,16,3,16,3,24.0,3,13,3,5,0,21,14,17,0,7,0,1,0,1,1,1,0,0,0,0,0,0,0.440463,0.43897042,0.440463,0.42813227,0.440463,0.43497288,137586,3073,0.01,0.04,0.15,0.26,0.29,0.21,0.04,2
6,6,2,2,14,3,10,3,10,3,10.0,3,12,3,0,1,1,4,24,1,7,1,1,0,1,1,1,0,0,0,0,0,0,0.4631398,0.4631398,0.4631398,0.4512561,0.4631398,0.470649,132726,3345,0.01,0.02,0.13,0.29,0.31,0.2,0.03,2
7,7,5,3,11,3,15,3,4,2,9.0,3,6,3,19,0,13,6,24,0,7,2,1,1,1,2,1,0,0,0,0,0,0,0.47820136,0.49898824,0.49898824,0.4777577,0.49898824,0.49070868,169484,3985,0.01,0.04,0.21,0.3,0.24,0.15,0.05,2
8,8,17,3,24,3,5,3,9,3,24.0,3,1,2,15,0,13,8,2,0,3,0,1,0,2,1,1,0,0,0,0,0,0,0.42684838,0.42684838,0.42684838,0.4142214,0.42684838,0.42343962,205880,4655,0.01,0.09,0.35,0.34,0.16,0.05,0.01,3
9,9,1,2,3,2,16,3,16,3,1.0,2,13,3,18,13,11,0,17,0,3,1,1,0,1,1,1,0,0,0,0,0,0,0.4631398,0.4631398,0.4631398,0.4512561,0.4631398,0.4588719,209609,4955,0.01,0.09,0.32,0.32,0.18,0.07,0.01,3
10,10,4,3,3,3,6,3,6,3,4.0,3,7,3,18,6,8,17,4,0,7,1,1,0,1,1,1,0,0,0,0,0,0,0.49520612,0.43437365,0.4631398,0.4512561,0.49520612,0.4588719,222197,5640,0.01,0.08,0.32,0.32,0.18,0.08,0.02,3
11,11,37,3,19,3,9,3,9,3,37.0,3,7,3,15,16,14,23,24,0,7,2,1,1,2,2,1,0,0,0,0,0,0,0.45702893,0.45702893,0.43649414,0.42214465,0.45702893,0.4332604,220950,6206,0.01,0.02,0.11,0.24,0.31,0.26,0.06,3
12,12,8,3,9,3,17,3,23,3,12.0,3,6,3,15,13,8,13,19,0,7,1,1,1,1,1,1,0,0,0,0,0,0,0.44603086,0.44603086,0.44603086,0.43526524,0.44603086,0.42907512,280622,7094,0.01,0.16,0.37,0.28,0.12,0.04,0.01,3
13,13,8,3,1,2,6,3,4,2,12.0,3,16,3,17,13,1,14,19,1,7,1,1,0,1,1,1,0,0,0,0,0,0,0.4631398,0.4631398,0.49085552,0.4512561,0.4631398,0.4588719,243964,6589,0.01,0.08,0.29,0.34,0.2,0.08,0.01,3
14,14,36,3,19,3,1,2,1,2,36.0,3,1,2,15,16,8,2,10,0,3,2,1,0,1,2,1,0,0,0,0,0,0,0.4631398,0.4631398,0.4631398,0.4512561,0.4631398,0.4588719,273727,7409,0.01,0.08,0.3,0.33,0.19,0.07,0.01,3
15,15,37,4,31,4,4,3,4,3,29.0,4,3,3,22,7,13,2,4,0,7,1,1,0,1,1,1,0,0,0,0,0,0,0.45522124,0.45032683,0.45581776,0.44034013,0.45522124,0.4502327,241489,6850,0.01,0.03,0.17,0.33,0.29,0.15,0.03,3
16,16,36,3,19,3,1,2,1,2,36.0,3,1,2,2,16,8,12,15,0,7,1,1,0,1,2,1,0,0,0,0,0,0,0.4631398,0.4631398,0.4631398,0.4512561,0.4631398,0.4588719,269929,7630,0.01,0.05,0.28,0.38,0.2,0.07,0.01,3
17,17,17,3,33,3,30,3,30,3,7.0,3,13,3,10,12,14,11,11,1,7,1,1,0,1,1,1,0,0,0,0,0,0,0.4631398,0.43203363,0.4631398,0.4512561,0.43203363,0.4588719,258038,8317,0.01,0.01,0.11,0.29,0.33,0.21,0.04,3
18,18,5,3,4,3,16,3,16,3,4.0,3,13,3,18,19,6,0,17,0,7,2,1,1,1,2,2,1,0,0,0,0,0,0.39738593,0.4374761,0.4374761,0.42527074,0.39738593,0.4303008,276404,8708,0.01,0.06,0.25,0.34,0.23,0.09,0.01,3
19,19,15,3,5,3,4,3,3,3,8.0,3,4,3,22,6,0,2,10,0,7,1,1,1,1,1,1,0,0,0,0,0,0,0.4631398,0.46524328,0.46524328,0.4482163,0.5011362,0.45520332,302348,10163,0.01,0.04,0.22,0.37,0.24,0.1,0.02,3
20,20,8,3,9,3,17,3,23,3,12.0,3,6,3,12,13,20,13,19,0,7,1,1,0,1,1,1,0,0,0,0,0,0,0.49335417,0.49335417,0.49335417,0.47982502,0.49335417,0.47578222,331844,11451,0.01,0.09,0.29,0.33,0.19,0.07,0.01,3
21,21,33,3,4,3,16,3,16,3,24.0,3,20,3,15,4,17,10,24,0,7,1,1,1,2,1,1,0,0,0,0,0,0,0.4631398,0.4344419,0.4344419,0.42814162,0.4631398,0.4588719,296968,11148,0.01,0.04,0.17,0.3,0.27,0.17,0.04,3
22,22,17,3,32,2,9,3,9,2,6.0,2,3,2,2,13,20,11,3,0,6,1,1,0,1,1,1,0,0,0,0,0,0,0.43211174,0.43203363,0.44896305,0.4221148,0.43203363,0.42487174,313220,11592,0.01,0.07,0.29,0.35,0.2,0.08,0.01,3
23,23,36,3,21,4,9,3,9,3,36.0,3,5,3,22,16,20,13,6,0,12,1,1,1,2,2,1,0,0,0,0,0,0,0.4631398,0.44169223,0.4488398,0.43619344,0.4631398,0.4368818,294687,11524,0.0,0.02,0.18,0.39,0.27,0.12,0.02,3
24,24,3,3,9,3,17,3,23,3,1.0,2,36,3,11,7,6,7,19,0,3,1,1,1,1,1,1,0,0,0,0,0,0,0.4711496,0.4711496,0.4711496,0.45685515,0.4649974,0.46278685,341314,13347,0.01,0.1,0.25,0.27,0.19,0.12,0.05,3
25,25,2,2,1,2,6,3,5,3,1.0,2,24,4,19,6,14,18,4,0,1,1,1,0,1,1,0,0,0,0,0,0,0,0.43969,0.43969,0.49267116,0.4764501,0.43969,0.43689653,351663,13606,0.01,0.13,0.34,0.3,0.15,0.06,0.01,3
26,26,4,2,4,3,17,3,23,3,6.0,2,36,3,12,13,8,18,19,0,3,1,2,1,2,2,2,0,0,0,0,0,0,0.46222457,0.4626031,0.4626031,0.4468941,0.46222457,0.45401382,361908,14205,0.03,0.13,0.32,0.29,0.16,0.07,0.01,3
27,27,5,3,2,2,5,3,5,3,1.0,2,7,3,18,6,0,17,3,0,3,1,1,1,1,1,1,0,0,0,0,0,0,0.42337185,0.4631398,0.4631398,0.4512561,0.4631398,0.4588719,358176,14609,0.01,0.07,0.22,0.28,0.25,0.14,0.04,3
28,28,1,2,2,2,6,3,6,3,1.0,2,12,3,15,10,4,0,19,0,7,1,1,0,1,1,1,0,0,0,0,0,0,0.4631398,0.4631398,0.47968784,0.46583074,0.4631398,0.470649,359679,14813,0.01,0.1,0.28,0.31,0.19,0.09,0.02,3
29,29,4,2,8,3,13,2,13,3,4.0,2,26,2,0,10,14,5,19,0,10,1,1,0,1,1,1,0,0,0,0,0,0,0.4631398,0.43675643,0.4631398,0.4512561,0.4631398,0.4588719,319698,13708,0.01,0.04,0.22,0.36,0.25,0.11,0.02,3
30,30,8,3,10,3,32,3,32,3,3.0,2,39,4,18,9,8,11,11,1,3,0,1,0,1,1,1,0,0,0,0,0,0,0.49267536,0.514403,0.514403,0.49836618,0.5050056,0.5116248,311018,13716,0.01,0.03,0.17,0.33,0.27,0.16,0.03,3
31,31,7,2,22,3,16,3,16,3,2.0,2,20,3,4,10,3,4,17,1,7,0,0,1,1,1,0,0,0,0,0,0,0,0.47458103,0.48569384,0.44919956,0.43918574,0.47458103,0.47365552,288228,13340,0.01,0.03,0.13,0.24,0.3,0.24,0.05,3
32,32,16,4,3,3,3,3,3,3,5.0,2,4,3,5,16,0,12,4,0,7,1,1,0,1,1,1,0,0,0,0,0,0,0.49872226,0.508008,0.508008,0.49360895,0.48483622,0.48446646,336236,15369,0.01,0.1,0.2,0.24,0.24,0.17,0.03,3
33,33,36,3,20,3,13,3,13,3,36.0,3,16,3,7,19,12,14,17,0,7,1,1,0,1,2,1,0,0,0,0,0,0,0.5165299,0.5165299,0.5165299,0.49938706,0.5165299,0.50604177,305372,13846,0.01,0.05,0.22,0.34,0.25,0.11,0.02,3
34,34,1,2,3,3,8,2,8,2,1.0,2,9,2,15,0,20,18,4,0,7,1,1,0,1,1,1,0,0,0,0,0,0,0.46621624,0.46739003,0.46621624,0.45149443,0.46621624,0.4596588,304830,13480,0.01,0.08,0.26,0.32,0.21,0.1,0.02,3
35,35,8,3,23,4,1,2,1,2,3.0,3,1,2,20,10,2,4,17,0,3,0,0,0,1,1,1,0,0,0,0,0,0,0.47458097,0.48569387,0.4631398,0.4512561,0.47458097,0.4588719,278826,10631,0.01,0.04,0.18,0.3,0.28,0.16,0.03,3
36,36,4,3,3,3,1,2,3,3,5.0,3,15,4,20,10,19,17,0,0,3,1,1,0,1,1,2,0,0,0,0,0,0,0.5033505,0.48519015,0.48088259,0.47168097,0.48519015,0.4785118,269885,9310,0.01,0.07,0.23,0.34,0.24,0.1,0.01,3
37,37,36,3,2,2,13,3,13,3,36.0,3,5,3,17,13,1,8,13,0,7,0,0,0,1,2,1,0,0,0,0,0,0,0.48421344,0.48107642,0.48421344,0.4721058,0.48421344,0.47839105,277471,3249,0.01,0.06,0.29,0.34,0.21,0.08,0.01,3
38,38,36,3,35,4,9,3,10,3,36.0,3,5,3,2,23,13,8,2,1,3,1,1,0,1,2,1,0,0,0,0,0,0,0.45736757,0.42716488,0.47508812,0.4175351,0.45736757,0.4502277,261521,10343,0.01,0.06,0.25,0.33,0.22,0.11,0.02,3
39,39,15,3,13,3,1,2,1,2,24.0,3,1,2,0,16,14,12,0,1,7,2,2,1,2,2,2,0,0,0,0,0,0,0.4631398,0.43897042,0.4631398,0.4512561,0.4631398,0.4588719,287836,10343,0.01,0.06,0.25,0.33,0.22,0.11,0.02,3
40,40,3,2,26,4,5,3,11,4,12.0,3,5,3,2,0,20,11,10,0,8,1,1,0,2,1,2,0,0,0,0,0,0,0.4631398,0.488251,0.4631398,0.47262537,0.4631398,0.4588719,289721,10740,0.01,0.04,0.2,0.31,0.26,0.15,0.03,3
41,41,6,2,3,2,8,3,8,3,4.0,2,10,3,18,6,0,10,4,0,16,1,1,0,1,1,1,0,0,0,0,0,0,0.446219,0.446219,0.44571343,0.4324122,0.446219,0.4402334,342003,12767,0.01,0.06,0.16,0.23,0.24,0.21,0.09,3
42,42,32,3,29,3,18,3,18,3,24.0,3,20,3,3,13,3,6,4,1,7,1,1,0,1,1,0,0,0,0,0,0,0,0.44173902,0.43501127,0.44173902,0.4297819,0.44173902,0.4372137,265238,10220,0.01,0.03,0.15,0.29,0.27,0.19,0.07,3
43,43,9,4,12,4,35,5,35,5,6.0,4,39,4,18,21,8,11,11,1,7,0,1,1,1,2,1,0,0,0,0,0,0,0.47403213,0.43145284,0.47790018,0.46368015,0.4705746,0.4442489,282327,11241,0.01,0.01,0.08,0.19,0.31,0.3,0.1,3
44,44,2,2,8,3,2,2,1,2,9.0,3,5,2,19,0,2,8,19,1,17,1,1,0,1,1,1,0,0,0,0,0,0,0.4631398,0.43675643,0.4631398,0.4512561,0.4631398,0.4588719,273306,11094,0.01,0.04,0.21,0.32,0.26,0.14,0.03,3
45,45,3,3,9,3,8,3,8,3,13.0,3,20,3,14,18,7,4,17,0,3,1,1,0,1,1,1,0,0,0,0,0,0,0.45282704,0.4601522,0.45078394,0.43966407,0.45078394,0.45169723,278731,10887,0.01,0.09,0.26,0.3,0.21,0.1,0.02,3
46,46,12,3,5,3,6,3,4,3,12.0,3,5,3,19,6,14,17,13,0,3,0,1,1,1,1,1,0,0,0,0,0,0,0.48832333,0.44582775,0.46710804,0.42829993,0.44582775,0.43971315,306356,11814,0.01,0.14,0.38,0.3,0.12,0.04,0.0,3
47,47,20,4,11,4,3,3,4,3,11.0,4,9,3,19,16,14,21,4,0,2,1,1,0,1,2,1,0,0,0,0,0,0,0.4926703,0.5110807,0.5082122,0.49221838,0.5110807,0.50174797,277576,11411,0.01,0.05,0.16,0.24,0.25,0.22,0.08,3
48,48,7,3,31,3,20,3,20,3,3.0,2,20,3,1,10,14,10,4,0,7,1,1,0,1,1,1,0,0,0,0,0,0,0.4631398,0.46003148,0.4631398,0.4512561,0.4631398,0.4588719,250674,10405,0.01,0.06,0.21,0.32,0.25,0.12,0.02,3
49,49,36,3,33,3,30,3,30,3,36.0,3,36,3,21,7,21,8,3,2,7,1,1,0,1,2,1,0,0,0,0,0,0,0.56036246,0.52630764,0.56036246,0.5417684,0.56036246,0.5502994,255907,11687,0.01,0.02,0.1,0.29,0.33,0.21,0.04,3
50,50,7,3,11,3,34,4,34,4,5.0,3,39,4,18,14,8,11,11,1,7,1,1,1,1,2,2,1,0,0,0,0,0,0.42579284,0.44603428,0.49642092,0.48168027,0.48614475,0.44299057,248363,10087,0.01,0.05,0.26,0.34,0.22,0.1,0.02,3
51,51,5,3,2,2,1,2,1,2,7.0,3,1,2,2,6,0,13,19,0,3,1,1,0,1,1,1,0,0,0,0,0,0,0.4631398,0.4631398,0.4631398,0.4512561,0.4631398,0.4588719,250413,10438,0.01,0.09,0.33,0.33,0.16,0.07,0.01,3
52,52,33,3,29,3,1,2,1,2,25.0,3,2,2,2,6,14,10,4,0,13,1,1,0,1,1,1,0,0,0,0,0,0,0.42805234,0.42303544,0.43089494,0.42119622,0.42805234,0.42859405,251094,10521,0.01,0.08,0.3,0.36,0.18,0.06,0.01,3
53,53,16,3,4,3,6,3,6,3,26.0,4,7,3,17,19,15,4,4,1,3,1,1,0,1,1,1,1,0,0,0,0,0,0.4344419,0.4553151,0.4631398,0.4512561,0.45364088,0.4588719,240137,10577,0.01,0.02,0.17,0.35,0.3,0.13,0.02,3
54,54,1,2,1,2,3,2,13,3,1.0,2,6,3,13,0,18,19,24,0,3,2,2,1,2,2,1,0,0,0,0,0,0,0.42126483,0.42126483,0.42126483,0.4081532,0.42126483,0.41356948,257304,10813,0.01,0.07,0.26,0.31,0.21,0.11,0.02,3
55,55,36,3,19,3,13,3,13,3,36.0,3,4,2,12,13,20,17,13,0,7,1,1,0,1,2,1,0,0,0,0,0,0,0.4631398,0.4631398,0.4631398,0.4512561,0.4631398,0.4588719,240018,10465,0.01,0.08,0.29,0.34,0.19,0.08,0.01,3
56,56,12,2,14,3,10,3,10,3,10.0,3,12,3,0,6,4,0,3,1,10,1,2,0,1,1,1,0,0,0,0,0,0,0.45216036,0.45250362,0.45250362,0.44010282,0.45250362,0.4543023,203730,9396,0.01,0.05,0.2,0.35,0.26,0.12,0.02,3
57,57,37,4,20,3,8,3,8,3,29.0,4,1,2,1,16,8,13,4,0,3,1,1,0,1,2,1,0,0,0,0,0,0,0.4631398,0.46805245,0.46805245,0.4532785,0.4631398,0.4588719,229895,10405,0.01,0.09,0.25,0.29,0.22,0.12,0.03,3
58,58,2,2,10,3,1,2,2,2,1.0,2,4,3,2,10,14,19,7,0,0,1,1,0,1,1,1,0,0,0,0,0,0,0.4631398,0.4631398,0.4631398,0.4512561,0.4631398,0.42487174,218595,9911,0.01,0.08,0.33,0.34,0.17,0.07,0.01,3
59,59,15,3,7,3,4,2,4,2,8.0,3,7,3,7,13,0,17,3,0,3,1,1,1,1,1,1,0,0,0,0,0,0,0.4631398,0.4631398,0.4631398,0.4512561,0.5011362,0.4588719,218595,9823,0.01,0.09,0.3,0.34,0.19,0.07,0.01,3
60,60,1,2,5,3,11,3,12,2,3.0,3,18,3,18,21,4,4,19,1,3,1,2,1,2,2,2,0,0,0,0,0,0,0.47825786,0.48829192,0.48829192,0.46071857,0.5002791,0.47728172,207473,9767,0.01,0.05,0.18,0.31,0.28,0.15,0.02,3
61,61,12,3,9,2,7,2,22,2,7.0,2,13,3,12,13,13,19,7,0,7,0,1,0,1,1,1,0,0,0,0,0,0,0.50750244,0.4631398,0.4631398,0.4512561,0.4631398,0.4588719,201799,9435,0.01,0.05,0.26,0.37,0.22,0.08,0.01,2
62,62,1,2,2,2,9,3,9,3,1.0,2,10,3,11,0,15,18,4,0,7,1,1,0,1,1,1,0,0,0,0,0,0,0.46313983,0.46313983,0.46621624,0.45149443,0.46313983,0.4596588,208884,9960,0.0,0.08,0.31,0.34,0.19,0.07,0.01,3
63,63,5,3,11,3,3,3,3,3,9.0,3,6,3,22,0,19,2,7,0,7,1,1,0,1,1,1,0,0,0,0,0,0,0.4505232,0.47327513,0.47327513,0.43900624,0.47327513,0.46635103,226349,12400,0.01,0.06,0.14,0.18,0.17,0.24,0.2,3
64,64,7,3,11,3,14,3,5,3,9.0,3,27,3,19,13,3,0,24,0,7,1,1,0,1,1,1,0,0,0,0,0,0,0.4709376,0.4709376,0.4709376,0.48308122,0.4709376,0.46281356,192049,9353,0.01,0.07,0.29,0.35,0.2,0.07,0.01,2
65,65,4,3,10,3,6,3,10,3,4.0,3,7,3,5,13,2,20,18,0,12,1,1,0,1,1,1,0,0,0,0,0,0,0.51633227,0.49624652,0.49624652,0.44865346,0.51633227,0.48786387,179436,8937,0.01,0.04,0.23,0.36,0.24,0.1,0.01,2
66,66,1,2,5,3,13,4,13,3,1.0,2,18,3,18,11,4,11,19,0,3,2,2,1,2,2,2,0,0,0,0,0,0,0.4631398,0.4631398,0.4591222,0.46071857,0.4631398,0.4588719,185406,9373,0.0,0.05,0.19,0.33,0.28,0.13,0.02,2
67,67,1,2,1,2,3,3,1,2,1.0,2,9,3,19,4,0,18,4,1,7,1,1,0,1,1,1,0,0,0,0,0,0,0.4581674,0.4581674,0.41567588,0.44526297,0.4581674,0.45431912,202855,10024,0.01,0.16,0.32,0.3,0.16,0.06,0.01,3
68,68,2,2,3,2,1,2,1,2,6.0,3,1,2,2,0,19,4,17,0,7,1,1,0,1,0,1,0,0,0,0,0,0,0.4631398,0.4631398,0.4631398,0.4512561,0.4670873,0.4588719,217856,11234,0.01,0.07,0.19,0.22,0.19,0.18,0.15,3
69,69,32,3,30,3,18,3,18,3,24.0,3,20,3,12,13,21,8,4,0,7,1,1,0,1,1,0,0,0,0,0,0,0,0.500578,0.4954294,0.500578,0.48373464,0.500578,0.49094906,169071,8847,0.01,0.05,0.18,0.3,0.26,0.16,0.03,2
70,70,1,2,3,2,2,2,3,2,1.0,2,10,3,18,0,20,19,4,0,7,1,1,0,1,1,1,0,0,0,0,0,0,0.4631398,0.4631398,0.4631398,0.4512561,0.4631398,0.4596588,179830,9304,0.01,0.08,0.31,0.34,0.19,0.06,0.01,2
71,71,3,2,24,3,18,3,18,3,5.0,3,27,3,0,10,11,14,22,1,16,1,1,0,1,1,1,0,0,0,0,0,0,0.44819066,0.4516629,0.4516629,0.43837172,0.4516629,0.44577962,156311,8515,0.0,0.05,0.21,0.32,0.26,0.14,0.03,2
72,72,16,3,1,2,16,3,16,3,24.0,3,5,3,17,4,13,4,22,1,12,1,1,0,1,1,1,0,0,0,0,0,0,0.4344419,0.4631398,0.4344419,0.42814162,0.4631398,0.45147642,154987,8417,0.0,0.04,0.2,0.33,0.27,0.13,0.02,2
73,73,17,2,9,3,8,3,1,2,13.0,3,20,3,19,6,4,8,17,0,9,1,1,0,1,1,1,0,0,0,0,0,0,0.44478652,0.45002076,0.4426648,0.43362793,0.4426648,0.44083157,173636,9200,0.02,0.14,0.36,0.3,0.13,0.04,0.0,2
74,74,7,3,1,2,32,4,32,4,4.0,3,38,4,18,10,14,18,7,1,3,1,1,0,1,1,1,0,0,0,0,0,0,0.44303843,0.4631398,0.46216846,0.44569725,0.44303843,0.45648506,160161,8807,0.0,0.02,0.19,0.36,0.27,0.13,0.02,2
75,75,32,3,19,3,6,3,6,3,24.0,3,7,3,15,19,17,6,4,0,7,1,0,0,1,1,1,0,0,0,0,0,0,0.444536,0.44606248,0.444536,0.43163386,0.444536,0.43841714,156785,8555,0.01,0.04,0.22,0.35,0.26,0.11,0.02,2
76,76,3,2,2,2,1,2,1,2,5.0,2,4,3,2,6,4,18,19,0,5,1,1,0,1,1,1,0,0,0,0,0,0,0.44774792,0.44774792,0.44774792,0.43496746,0.44774792,0.4389229,169066,9318,0.01,0.14,0.35,0.31,0.14,0.05,0.01,2
77,77,7,3,1,2,11,3,13,3,13.0,3,19,3,3,4,15,14,19,0,7,1,1,0,1,1,1,0,0,0,0,0,0,0.4631398,0.4631398,0.4631398,0.46071857,0.45711562,0.4588719,150197,8562,0.0,0.05,0.29,0.36,0.2,0.07,0.01,2
78,78,34,4,31,4,17,3,17,3,24.0,3,18,3,4,14,14,23,24,0,3,1,1,0,1,1,1,0,0,0,0,0,0,0.5058603,0.5008538,0.45114434,0.43747595,0.4631398,0.4588719,149507,9376,0.0,0.02,0.13,0.31,0.33,0.18,0.03,2
79,79,36,3,33,3,30,3,30,3,36.0,3,13,3,13,23,12,15,7,0,7,2,1,1,2,2,2,0,0,0,0,0,0,0.4631398,0.43203363,0.4631398,0.4512561,0.4631398,0.4588719,165468,9935,0.01,0.02,0.18,0.44,0.26,0.26,0.09,2
80,80,36,3,33,3,30,3,30,3,36.0,3,5,2,5,13,20,13,3,0,13,2,1,1,1,2,1,0,0,0,0,0,0,0.4555035,0.42357397,0.4555035,0.44200283,0.4555035,0.4470048,173696,10613,0.01,0.06,0.17,0.22,0.2,0.21,0.14,2
81,81,4,2,4,3,5,2,5,2,4.0,2,4,2,18,6,0,11,11,1,6,1,1,0,1,1,1,0,0,0,0,0,0,0.46141765,0.46489903,0.46141765,0.44614053,0.46141765,0.45322502,149070,8494,0.0,0.03,0.17,0.3,0.28,0.17,0.04,2
82,82,4,3,4,3,6,3,4,3,1.0,2,24,4,18,18,14,21,4,0,12,1,1,0,1,1,0,0,0,0,0,0,0,0.4631398,0.4631398,0.51599354,0.4512561,0.4631398,0.4588719,158139,9318,0.0,0.05,0.16,0.24,0.27,0.21,0.06,2
83,83,17,3,33,3,30,3,30,3,7.0,3,36,3,11,13,22,11,24,1,10,1,1,1,1,2,1,0,1,0,0,1,0,0.44920304,0.4125238,0.44920304,0.43807217,0.4125238,0.44433078,135219,8469,0.0,0.02,0.09,0.26,0.32,0.24,0.08,2
84,84,1,2,1,2,16,2,23,3,6.0,2,13,3,18,12,14,20,19,0,2,2,2,1,2,2,2,0,0,0,0,0,0,0.4631398,0.4631398,0.4631398,0.4512561,0.4631398,0.4588719,144648,8913,0.01,0.04,0.19,0.27,0.26,0.18,0.05,2
85,85,19,3,10,3,2,2,3,2,10.0,3,8,2,19,16,14,15,4,0,7,1,1,0,1,1,1,0,0,0,0,0,0,0.4622376,0.48042756,0.47763535,0.4634391,0.48042756,0.47328103,155079,9315,0.01,0.16,0.33,0.28,0.15,0.06,0.01,2
86,86,15,2,3,2,15,2,15,2,24.0,3,20,3,5,4,22,4,17,1,4,1,1,1,1,2,1,0,0,0,0,0,0,0.4344419,0.4344419,0.4344419,0.42814162,0.43235025,0.42679432,124532,7931,0.0,0.02,0.1,0.24,0.32,0.26,0.06,2
87,87,5,3,4,3,6,3,6,3,5.0,3,5,3,18,6,0,22,11,0,3,1,1,0,1,1,1,0,0,0,0,0,0,0.46141765,0.4631398,0.46141765,0.44614053,0.46141765,0.45322502,129651,7943,0.0,0.03,0.16,0.31,0.3,0.16,0.03,2
88,88,1,2,11,3,14,3,13,3,5.0,3,5,2,13,0,19,0,11,1,3,1,1,0,1,1,1,0,0,0,0,0,0,0.4631398,0.4631398,0.4631398,0.4512561,0.48396027,0.4588719,121356,7702,0.0,0.02,0.14,0.32,0.32,0.17,0.03,2
89,89,15,3,24,3,5,3,9,3,24.0,3,5,3,2,13,12,12,0,1,7,1,1,1,2,1,2,0,0,0,0,0,0,0.4631398,0.4631398,0.4631398,0.4512561,0.4631398,0.4588719,117856,7560,0.0,0.02,0.13,0.33,0.33,0.17,0.03,2
90,90,15,3,13,3,17,3,17,3,24.0,3,13,3,5,13,17,0,24,0,7,1,1,0,1,1,1,0,0,0,0,0,0,0.4631398,0.43897042,0.4631398,0.4512561,0.4631398,0.4588719,117761,7575,0.0,0.02,0.14,0.31,0.31,0.19,0.04,2
91,91,8,3,1,2,1,2,1,2,6.0,3,1,2,18,2,0,17,4,0,7,2,1,1,1,2,1,0,0,0,0,0,0,0.39880502,0.42137876,0.42137876,0.4097781,0.39880502,0.41615537,141158,9010,0.01,0.12,0.23,0.26,0.21,0.13,0.04,2
92,92,1,2,1,2,4,3,3,3,1.0,2,6,2,18,18,0,8,17,0,3,1,1,0,1,1,1,0,0,0,0,0,0,0.4631398,0.4631398,0.4631398,0.4512561,0.4631398,0.4588719,134210,8537,0.02,0.21,0.36,0.26,0.11,0.04,0.01,2
93,93,13,3,4,2,3,2,2,2,3.0,2,3,2,1,10,0,2,10,0,3,2,1,1,1,2,1,0,0,0,0,0,0,0.46847358,0.46524328,0.46524328,0.4482163,0.46524328,0.45520332,126241,7894,0.01,0.1,0.31,0.34,0.18,0.06,0.01,2
94,94,5,3,2,2,18,3,18,3,4.0,3,31,4,18,15,20,0,3,0,7,1,1,0,1,1,1,1,0,0,0,1,1,0.43083972,0.4741044,0.47675592,0.46308172,0.43083972,0.48549607,109828,7236,0.0,0.03,0.2,0.33,0.27,0.14,0.02,2
95,95,12,3,4,3,18,4,18,4,12.0,3,13,3,17,13,24,0,11,0,7,1,1,0,1,1,1,0,0,0,0,0,0,0.46313983,0.45058352,0.46313983,0.4512561,0.46313983,0.4588719,114907,7275,0.01,0.05,0.24,0.36,0.23,0.09,0.01,2
96,96,36,3,33,3,9,3,10,3,36.0,3,2,2,2,6,20,13,10,0,7,2,1,0,1,2,1,0,0,0,0,0,0,0.45953566,0.4239851,0.47209066,0.4144953,0.45953566,0.4552788,123255,7835,0.01,0.04,0.29,0.42,0.18,0.05,0.01,2
97,97,36,3,30,3,3,2,3,2,28.0,3,2,2,12,7,13,2,4,0,7,1,1,0,1,1,1,0,0,0,0,0,0,0.4631398,0.46003148,0.4631398,0.4512561,0.4631398,0.4588719,113448,7356,0.0,0.06,0.24,0.35,0.24,0.1,0.01,2
98,98,7,3,4,3,9,4,9,4,5.0,3,11,4,18,6,0,12,4,0,7,1,1,0,1,1,1,0,0,0,0,0,0,0.4182854,0.4182854,0.4176439,0.40410143,0.4182854,0.4125822,129991,8522,0.01,0.11,0.22,0.25,0.21,0.15,0.05,2
99,99,16,3,29,3,2,2,4,2,24.0,3,3,2,2,6,4,4,10,1,3,2,2,1,1,2,1,0,0,0,0,0,0,0.42859387,0.4587128,0.46228567,0.44576886,0.46551663,0.4533273,107987,7035,0.0,0.03,0.19,0.4,0.28,0.09,0.01,2
100,100,8,3,14,3,9,3,9,3,2.0,2,10,3,0,11,15,11,4,0,3,2,2,0,1,1,1,0,0,0,0,0,0,0.487043,0.487043,0.48703292,0.4727424,0.48237583,0.4780646,106681,7008,0.0,0.04,0.2,0.35,0.27,0.11,0.02,2
101,101,14,4,7,3,5,3,5,3,4.0,3,7,3,5,10,0,8,17,0,7,2,1,1,1,2,1,0,0,0,0,0,0,0.5279692,0.5173125,0.5173125,0.5012251,0.52126306,0.5089679,112383,7341,0.01,0.08,0.3,0.36,0.18,0.06,0.01,2
102,102,16,3,23,4,16,3,16,3,27.0,4,26,4,5,13,24,4,17,0,7,1,1,0,1,1,1,0,0,0,0,0,0,0.4344419,0.48569387,0.4344419,0.42814162,0.4631398,0.4588719,108899,8198,0.0,0.02,0.1,0.19,0.19,0.23,0.26,2
103,103,17,3,13,3,2,2,3,2,24.0,3,2,2,2,0,17,6,14,0,7,1,1,0,1,1,1,0,0,0,0,0,0,0.4631398,0.43897042,0.4631398,0.4512561,0.4631398,0.4588719,102007,6796,0.0,0.05,0.2,0.34,0.27,0.12,0.02,2
104,104,32,3,29,3,18,3,18,3,24.0,3,20,3,14,22,8,3,4,0,7,2,2,1,2,2,2,0,0,0,0,0,0,0.4631398,0.46003148,0.4631398,0.4512561,0.4631398,0.4588719,97955,6960,0.0,0.02,0.11,0.3,0.33,0.21,0.04,0
105,105,5,3,3,3,2,2,1,2,1.0,2,4,3,15,10,0,13,19,0,7,2,2,1,2,2,2,0,0,0,0,0,0,0.4568463,0.4568463,0.45884025,0.4473264,0.45884025,0.45533726,119232,7731,0.02,0.19,0.39,0.28,0.1,0.03,0.0,2
106,106,7,3,31,4,18,3,18,3,4.0,3,20,3,14,10,8,21,4,0,3,2,2,1,2,2,2,0,0,0,0,0,0,0.4631398,0.4954294,0.4631398,0.4512561,0.4631398,0.4588719,95562,6482,0.01,0.06,0.25,0.34,0.23,0.1,0.01,0
107,107,7,3,4,3,7,2,8,3,12.0,2,4,2,8,12,4,17,19,0,7,1,1,0,1,1,1,0,0,0,0,0,0,0.4554164,0.4554164,0.45711562,0.43896762,0.45711562,0.45147642,97452,6743,0.0,0.07,0.27,0.34,0.22,0.09,0.01,0
108,108,1,2,2,2,10,3,10,3,1.0,2,12,3,0,17,10,4,22,0,3,1,1,0,1,1,1,0,0,0,0,0,0,0.4631398,0.4631398,0.4631398,0.4512561,0.4631398,0.470649,91548,6549,0.0,0.03,0.13,0.29,0.32,0.19,0.04,0
109,109,4,3,1,2,11,3,15,4,6.0,3,18,3,7,4,8,18,19,0,7,1,1,0,1,1,1,0,0,0,0,0,0,0.4754309,0.48950446,0.4925111,0.47209254,0.4754309,0.48692027,103153,6830,0.01,0.13,0.32,0.31,0.16,0.06,0.01,2
110,110,7,3,10,3,30,3,30,3,7.0,3,15,4,18,6,14,22,13,0,15,1,1,1,1,2,1,0,0,0,0,0,0,0.4927651,0.5026157,0.5026157,0.486352,0.4927651,0.45530313,98967,6564,0.0,0.06,0.26,0.36,0.22,0.08,0.01,0
111,111,3,3,1,2,4,3,13,3,1.0,2,18,3,24,4,18,19,24,0,3,1,1,0,2,1,1,0,0,0,0,0,0,0.43969,0.4631398,0.49221447,0.46071857,0.4631398,0.4588719,88974,6315,0.0,0.02,0.12,0.27,0.3,0.22,0.07,0
112,112,1,2,1,2,4,3,4,3,1.0,2,4,3,19,16,0,18,7,0,7,1,1,0,1,1,1,0,0,0,0,0,0,0.41705987,0.41705987,0.39214748,0.38533574,0.41705987,0.4090757,106652,7001,0.02,0.19,0.34,0.27,0.13,0.04,0.01,2
113,113,4,3,13,3,18,4,18,4,12.0,3,14,3,11,0,17,21,0,1,7,2,2,1,2,2,2,0,0,0,0,0,0,0.4631398,0.43897042,0.4631398,0.4512561,0.4631398,0.4588719,77991,5749,0.0,0.02,0.1,0.25,0.35,0.23,0.04,0
114,114,40,4,19,3,13,3,13,3,40.0,4,16,3,5,13,17,6,14,1,16,1,1,0,1,1,1,0,0,0,0,0,0,0.4631398,0.4631398,0.4631398,0.4512561,0.4631398,0.4588719,77658,5699,0.0,0.01,0.09,0.26,0.37,0.23,0.03,0
115,115,6,3,1,2,5,2,5,3,9.0,4,16,3,18,18,14,17,24,0,7,1,1,0,1,2,1,0,0,0,0,0,0,0.49802786,0.49085552,0.49085552,0.48256645,0.4865711,0.49106625,95643,6530,0.01,0.1,0.23,0.29,0.24,0.11,0.02,0
116,116,17,3,15,4,17,3,17,3,24.0,3,13,3,7,0,8,17,24,0,7,2,2,1,2,2,2,0,0,0,0,0,0,0.4631398,0.42822188,0.4631398,0.4512561,0.4631398,0.4588719,85817,5941,0.01,0.08,0.24,0.33,0.23,0.1,0.01,0
117,117,7,3,3,3,3,2,3,2,7.0,3,1,2,19,16,0,8,13,0,7,1,1,0,1,1,1,0,0,0,0,0,0,0.43586648,0.43586648,0.4378761,0.43012777,0.43586648,0.43593234,107750,7243,0.06,0.26,0.32,0.22,0.1,0.03,0.0,2
118,118,18,3,19,3,21,4,21,4,24.0,3,27,5,7,13,12,4,17,0,7,2,1,1,2,1,1,0,0,0,0,0,0,0.4344419,0.46805245,0.4344419,0.42814162,0.4631398,0.4588719,85979,6313,0.0,0.03,0.16,0.26,0.24,0.19,0.12,0
119,119,4,2,15,3,10,3,10,3,6.0,3,10,3,1,0,3,6,4,0,7,1,2,0,1,1,1,0,0,0,0,0,0,0.471031,0.47378573,0.47669405,0.4621045,0.47378573,0.46944037,76292,5482,0.0,0.04,0.2,0.35,0.26,0.12,0.02,0
120,120,5,3,4,3,17,3,23,3,7.0,3,36,3,12,7,3,18,19,0,7,1,1,1,1,2,1,0,0,0,0,0,0,0.46239886,0.46782315,0.46782315,0.45451942,0.46239886,0.46091256,74458,5233,0.0,0.03,0.25,0.39,0.24,0.09,0.01,0
121,121,17,3,25,3,5,3,10,3,24.0,3,1,2,2,0,13,13,24,1,3,1,1,0,2,1,1,0,0,0,0,0,0,0.488251,0.488251,0.488251,0.47262537,0.488251,0.47732568,72518,5256,0.0,0.02,0.1,0.3,0.34,0.2,0.04,0
122,122,3,2,4,2,18,3,18,3,3.0,2,2,2,18,6,8,13,4,0,7,1,1,0,1,1,1,0,0,0,0,0,0,0.49520612,0.49520612,0.5015339,0.4824364,0.49520612,0.48527274,88932,6146,0.01,0.14,0.32,0.3,0.17,0.06,0.01,0
123,123,32,3,8,3,3,3,5,3,24.0,3,4,3,6,4,2,10,14,0,7,2,2,1,2,2,2,0,0,0,0,0,0,0.4631398,0.4631398,0.4884131,0.44576886,0.4631398,0.4588719,74412,5489,0.0,0.02,0.16,0.38,0.29,0.12,0.02,0
124,124,6,3,11,4,1,2,1,2,6.0,3,1,2,5,0,17,2,4,0,7,1,1,0,1,1,1,0,0,0,0,0,0,0.47824958,0.4875948,0.4709656,0.45746022,0.47156116,0.46339792,79446,5688,0.0,0.09,0.26,0.32,0.21,0.09,0.01,0
125,125,7,3,10,3,30,3,30,3,4.0,3,6,3,18,10,20,13,6,0,7,1,1,0,1,1,1,0,0,0,0,0,0,0.44303843,0.4631398,0.4631398,0.4512561,0.44303843,0.4470048,75673,5419,0.0,0.02,0.16,0.37,0.31,0.13,0.02,0
126,126,4,3,1,2,17,3,1,2,7.0,3,36,3,19,7,15,18,24,0,7,1,1,1,1,2,1,0,0,0,0,0,0,0.44165796,0.46313983,0.46313983,0.4512561,0.46222457,0.4588719,77585,5522,0.0,0.06,0.33,0.38,0.17,0.05,0.01,0
127,127,1,2,1,2,6,3,6,3,2.0,2,12,3,12,4,19,0,11,0,3,1,1,0,1,1,1,0,0,0,0,0,0,0.45817426,0.45817426,0.470587,0.4584237,0.45817426,0.4620334,73225,5290,0.01,0.1,0.31,0.34,0.18,0.07,0.01,0
128,128,7,3,29,3,17,3,17,3,9.0,3,20,4,23,7,4,11,3,0,7,1,1,1,1,1,1,0,0,0,0,0,0,0.4631398,0.46003148,0.45114434,0.43747595,0.43652797,0.47395357,67115,4963,0.0,0.04,0.16,0.29,0.29,0.18,0.04,0
129,129,1,2,8,3,18,3,18,3,1.0,2,20,3,3,4,11,21,4,1,7,1,1,0,1,1,0,0,0,0,0,0,0,0.473312,0.47640923,0.47640923,0.46392843,0.473312,0.4702949,68349,5179,0.0,0.02,0.14,0.32,0.33,0.16,0.02,0
130,130,32,3,8,3,19,4,19,4,24.0,3,1,2,1,4,8,13,6,0,14,1,1,0,1,1,1,0,0,0,0,0,0,0.44558403,0.44558403,0.4299068,0.416593,0.44558403,0.43363544,70722,5142,0.0,0.04,0.22,0.37,0.26,0.1,0.01,0
131,131,7,3,5,3,3,3,4,3,7.0,3,1,2,18,2,14,20,17,0,3,1,1,0,1,1,1,0,0,0,0,0,0,0.4576751,0.4576751,0.4576751,0.44005913,0.4576751,0.4588719,73933,5544,0.0,0.08,0.34,0.35,0.17,0.05,0.01,0
132,132,4,3,3,3,6,3,6,3,3.0,3,5,3,6,10,0,18,18,1,7,1,1,0,1,1,1,0,0,0,0,0,0,0.48763022,0.48763022,0.4963966,0.4788562,0.48763022,0.48797873,70920,5162,0.0,0.04,0.19,0.33,0.27,0.14,0.03,0
133,133,5,3,9,3,6,3,6,3,10.0,3,9,3,6,0,12,4,17,0,7,0,1,1,1,1,1,0,0,0,0,0,0,0.4631398,0.4834316,0.4834316,0.46538872,0.4631398,0.47555786,69884,5238,0.01,0.04,0.17,0.28,0.26,0.18,0.06,0
134,134,4,2,4,3,1,2,4,3,3.0,2,1,2,18,2,17,0,15,0,7,1,1,0,1,1,1,0,0,0,0,0,0,0.42337185,0.41936177,0.42337185,0.41097322,0.42337185,0.42159098,66814,4973,0.01,0.09,0.28,0.34,0.2,0.08,0.01,0
135,135,17,3,29,3,17,3,17,3,24.0,3,12,3,12,13,13,4,24,0,7,1,1,0,1,1,1,0,0,0,0,0,0,0.39367038,0.41487387,0.4061998,0.39443734,0.42226467,0.41599524,67909,4928,0.01,0.07,0.26,0.36,0.21,0.08,0.01,0
136,136,32,3,29,3,18,3,18,3,24.0,3,3,2,7,7,13,6,4,0,7,1,1,0,1,1,1,0,0,0,0,0,0,0.46387133,0.46005705,0.46387133,0.450477,0.46387133,0.4558691,66431,4906,0.0,0.05,0.25,0.37,0.22,0.09,0.02,0
137,137,12,3,25,3,18,3,18,3,5.0,3,28,3,0,10,1,20,12,0,10,3,2,1,2,3,2,0,0,0,0,0,0,0.50637764,0.50637764,0.50637764,0.4911694,0.50637764,0.49667227,63380,4809,0.0,0.05,0.26,0.35,0.24,0.09,0.01,0
138,138,36,3,33,3,6,3,5,3,36.0,3,7,3,21,13,20,2,7,0,3,1,1,0,1,2,1,0,0,0,0,0,0,0.4631398,0.43203363,0.4631398,0.4512561,0.4631398,0.4588719,62723,4835,0.0,0.02,0.09,0.25,0.33,0.24,0.06,0
139,139,1,2,1,2,5,2,5,2,1.0,2,11,2,0,17,18,4,19,1,7,1,1,0,1,1,1,0,0,0,0,0,0,0.47968784,0.47968784,0.47968784,0.46583074,0.47968784,0.470649,63188,4733,0.0,0.07,0.28,0.34,0.21,0.08,0.01,0
140,140,7,3,2,2,4,3,1,2,7.0,3,7,3,19,7,0,17,0,1,7,1,1,0,1,1,1,0,0,0,0,0,0,0.4631398,0.4631398,0.4631398,0.4512561,0.4631398,0.4588719,63846,4842,0.0,0.08,0.36,0.33,0.17,0.06,0.01,0
141,141,6,2,3,2,1,2,1,2,13.0,3,1,2,2,16,4,15,19,0,13,1,1,0,1,1,1,0,0,0,0,0,0,0.4631398,0.4631398,0.4631398,0.4512561,0.45711562,0.4588719,60069,4562,0.0,0.04,0.27,0.38,0.22,0.07,0.01,0
142,142,17,3,24,3,18,3,18,3,24.0,3,27,3,1,0,24,14,20,0,3,1,1,0,1,1,1,0,0,0,0,0,0,0.4631398,0.4631398,0.4631398,0.4512561,0.4631398,0.4588719,56839,4435,0.0,0.06,0.17,0.33,0.29,0.13,0.02,0
143,143,4,3,11,3,14,3,13,3,5.0,3,27,3,0,18,14,11,11,1,7,1,1,0,1,1,1,0,0,0,0,0,0,0.48396027,0.4631398,0.4631398,0.4512561,0.48396027,0.4588719,60969,4741,0.0,0.06,0.28,0.36,0.21,0.08,0.01,0
144,144,17,3,13,3,15,2,15,2,24.0,3,5,3,12,0,13,14,17,0,7,1,1,0,1,1,1,0,0,0,0,0,0,0.4631398,0.43897042,0.4631398,0.4512561,0.4631398,0.4588719,62768,4802,0.0,0.06,0.27,0.34,0.21,0.1,0.02,0
145,145,13,3,10,3,1,2,1,2,10.0,3,1,2,2,16,4,0,10,0,7,1,1,0,1,1,1,0,0,0,0,0,0,0.45216036,0.4834316,0.4631398,0.4512561,0.4631398,0.4588719,63241,4797,0.0,0.05,0.21,0.32,0.25,0.14,0.03,0
146,146,7,3,10,3,30,3,30,3,7.0,3,37,3,18,6,14,22,24,0,3,1,2,1,2,2,2,0,0,0,0,0,0,0.48431432,0.49383694,0.49383694,0.47775576,0.48431432,0.4838566,61278,4770,0.0,0.02,0.16,0.37,0.3,0.13,0.02,0
147,147,13,3,4,3,1,2,1,2,3.0,3,1,2,15,4,0,2,7,0,7,1,1,1,2,2,1,0,0,0,0,0,0,0.45216036,0.48187557,0.4631398,0.4512561,0.4631398,0.4588719,65431,4957,0.01,0.13,0.38,0.32,0.13,0.03,0.0,0
148,148,12,3,4,2,1,2,1,2,8.0,3,7,3,5,16,14,19,7,0,7,1,1,0,1,1,1,0,0,0,0,0,0,0.50750244,0.4631398,0.4631398,0.4512561,0.4631398,0.44039848,58263,4432,0.0,0.05,0.22,0.35,0.25,0.11,0.01,0
149,149,18,3,2,2,3,2,13,3,4.0,3,20,4,3,4,15,19,7,0,7,1,1,0,1,1,1,0,0,0,0,0,0,0.4788839,0.49221447,0.49221447,0.4907132,0.4971346,0.4935972,56738,4329,0.0,0.06,0.28,0.39,0.2,0.06,0.01,0
150,150,20,4,35,4,31,3,31,3,12.0,3,37,3,6,10,14,14,12,1,7,1,1,0,1,1,1,0,0,0,0,0,0,0.44381803,0.3909106,0.46216846,0.44569725,0.45326757,0.45648506,58478,4548,0.0,0.02,0.14,0.35,0.35,0.13,0.01,0
151,151,19,3,33,3,30,3,30,3,12.0,3,36,3,5,10,14,14,3,1,7,1,1,0,1,1,1,0,0,0,0,0,0,0.44721,0.41575706,0.44721,0.43560898,0.44370598,0.44369698,58991,4440,0.0,0.03,0.2,0.4,0.28,0.08,0.01,0
152,152,5,3,3,3,4,3,4,3,7.0,3,4,3,19,16,0,8,19,1,7,2,2,0,1,2,2,0,0,0,0,0,0,0.4631398,0.4631398,0.4378761,0.43012777,0.4631398,0.4588719,61026,4607,0.0,0.06,0.22,0.35,0.24,0.11,0.02,0
153,153,12,3,5,3,2,2,5,3,8.0,3,16,3,6,7,17,19,7,0,7,1,1,0,1,1,1,0,0,0,0,0,0,0.50750244,0.4631398,0.4631398,0.4512561,0.4631398,0.4588719,60020,4665,0.0,0.06,0.23,0.33,0.23,0.12,0.03,0
154,154,18,3,8,3,4,3,13,3,4.0,3,18,3,15,7,4,19,24,0,7,1,1,0,1,1,1,0,0,0,0,0,0,0.44478652,0.4631398,0.49221447,0.46071857,0.4631398,0.4588719,55376,4324,0.0,0.04,0.25,0.41,0.22,0.07,0.01,0
155,155,2,2,2,2,18,3,18,3,2.0,2,20,3,6,13,14,18,4,1,16,1,1,0,1,1,1,0,0,0,0,0,0,0.4545921,0.4545921,0.45731455,0.44154364,0.4545921,0.4490705,51958,4087,0.0,0.02,0.12,0.28,0.32,0.21,0.05,1
156,156,5,3,8,3,14,3,13,3,5.0,3,27,3,5,10,14,0,19,0,7,1,1,0,1,1,1,0,0,0,0,0,0,0.45180652,0.42510408,0.45180652,0.4394608,0.45180652,0.44713756,56684,4323,0.01,0.12,0.3,0.32,0.18,0.06,0.01,0
157,157,36,3,19,3,13,3,13,3,36.0,3,5,3,3,13,13,14,17,1,7,2,1,0,1,2,1,0,0,0,0,0,0,0.4631398,0.4631398,0.4631398,0.4512561,0.4631398,0.4588719,53802,4142,0.0,0.03,0.27,0.38,0.23,0.07,0.01,0
158,158,3,2,1,2,1,2,4,3,1.0,2,1,2,0,18,14,13,4,0,7,1,1,0,1,1,1,0,0,0,0,0,0,0.46313983,0.46313983,0.46313983,0.4512561,0.46313983,0.4588719,59968,4762,0.02,0.16,0.34,0.29,0.14,0.04,0.01,0
159,159,36,3,19,3,9,3,9,3,36.0,3,7,3,15,16,8,12,14,0,7,1,1,1,2,2,1,0,0,0,0,0,0,0.46313983,0.46313983,0.44883984,0.43619347,0.46313983,0.44039848,55989,4391,0.0,0.03,0.22,0.38,0.25,0.1,0.02,0
160,160,15,3,13,3,16,3,16,3,24.0,3,4,2,0,14,17,14,13,0,16,1,1,0,1,1,1,0,0,0,0,0,0,0.4631398,0.43897042,0.4631398,0.4512561,0.4631398,0.4588719,53430,4112,0.0,0.07,0.3,0.38,0.19,0.05,0.01,0
161,161,20,4,34,3,30,3,30,3,13.0,3,14,3,1,10,14,22,13,0,15,1,1,0,1,1,1,0,0,0,0,0,0,0.40758342,0.3939218,0.4241225,0.41550735,0.4226967,0.42201626,54665,4251,0.0,0.06,0.23,0.35,0.26,0.1,0.01,0
162,162,17,3,24,3,5,3,8,2,24.0,3,4,2,2,0,2,0,14,2,8,1,2,1,2,2,2,0,0,0,0,0,0,0.4631398,0.4631398,0.4631398,0.4512561,0.4631398,0.4588719,47205,4101,0.0,0.01,0.09,0.27,0.36,0.23,0.04,1
163,163,1,2,2,2,21,4,21,4,1.0,2,20,3,11,13,18,4,17,0,11,1,1,1,2,2,2,0,0,0,0,0,0,0.43437365,0.43437365,0.39799398,0.39103684,0.43437365,0.4246287,55359,4399,0.01,0.1,0.28,0.32,0.19,0.08,0.02,0
164,164,7,2,8,2,17,3,25,3,11.0,2,12,2,8,12,15,20,19,0,7,1,1,1,1,1,1,0,0,0,0,0,0,0.4631398,0.4631398,0.4631398,0.4512561,0.4631398,0.4588719,50484,3950,0.0,0.05,0.3,0.38,0.21,0.06,0.01,1
165,165,5,3,8,3,14,3,13,3,5.0,3,27,3,6,10,14,0,19,0,7,1,1,0,1,1,1,0,0,0,0,0,0,0.4631398,0.43675643,0.4631398,0.4512561,0.4631398,0.4588719,53342,4194,0.0,0.08,0.21,0.31,0.26,0.12,0.02,0
166,166,12,3,24,3,18,3,18,3,12.0,3,27,3,0,21,5,20,11,0,3,1,1,1,2,1,1,0,0,0,0,0,0,0.4578143,0.4578143,0.4578143,0.44348145,0.4578143,0.44856673,47645,3861,0.0,0.05,0.21,0.33,0.27,0.12,0.02,1
167,167,37,3,20,3,9,3,9,3,37.0,3,4,2,1,16,8,13,10,0,7,1,1,1,2,2,1,0,0,0,0,0,0,0.44169223,0.44169223,0.42242315,0.41137055,0.44169223,0.4368818,53111,4118,0.0,0.04,0.22,0.41,0.24,0.07,0.01,0
168,168,3,2,3,2,2,2,3,2,1.0,2,20,3,18,11,8,19,4,0,7,1,1,0,1,1,1,0,0,0,0,0,0,0.4631398,0.4631398,0.4631398,0.4512561,0.4631398,0.4588719,50617,3991,0.0,0.06,0.23,0.35,0.24,0.11,0.02,1
169,169,13,3,4,3,1,2,1,2,2.0,2,2,2,1,4,0,3,24,0,3,1,1,0,1,1,1,0,0,0,0,0,0,0.45216036,0.48187557,0.4631398,0.4512561,0.4631398,0.4588719,46089,3670,0.0,0.03,0.19,0.39,0.29,0.1,0.01,1
170,170,3,2,1,2,3,3,5,3,1.0,2,16,3,17,19,18,19,24,0,3,1,1,0,1,1,1,0,0,0,0,0,0,0.44165796,0.44165796,0.4371912,0.42643985,0.44165796,0.43456098,50450,3954,0.0,0.09,0.37,0.34,0.13,0.05,0.01,1
171,171,18,3,1,2,8,3,8,3,13.0,3,20,3,17,4,19,17,14,1,7,1,1,0,1,1,1,0,0,0,0,0,0,0.4681219,0.48195985,0.47879675,0.46523637,0.47879675,0.4781776,47986,3848,0.0,0.06,0.24,0.35,0.24,0.09,0.01,1
172,172,17,3,19,3,9,3,9,3,7.0,3,7,3,3,16,14,11,11,1,7,1,1,1,2,1,1,0,0,0,0,0,0,0.5131376,0.5131376,0.49388635,0.47903904,0.4802499,0.4845652,47312,3844,0.0,0.02,0.16,0.31,0.31,0.17,0.03,1
173,173,18,3,24,3,19,3,19,3,25.0,3,30,3,6,0,22,10,24,0,7,1,1,1,1,1,1,0,0,0,0,0,0,0.48449686,0.48449686,0.48449686,0.47260973,0.48449686,0.47702205,45645,3957,0.0,0.01,0.05,0.22,0.33,0.28,0.1,1
174,174,12,3,10,3,3,2,2,2,12.0,3,7,3,7,19,19,2,7,1,7,0,1,0,1,1,2,0,0,0,0,0,0,0.50750244,0.4631398,0.4631398,0.4512561,0.4631398,0.4588719,44212,3758,0.0,0.01,0.12,0.28,0.28,0.21,0.09,1
175,175,12,3,10,3,8,3,23,3,8.0,3,13,3,15,7,13,19,14,0,7,0,1,0,1,1,1,0,0,0,0,0,0,0.50750244,0.4631398,0.4631398,0.4512561,0.4631398,0.4588719,47248,3792,0.0,0.05,0.25,0.41,0.22,0.06,0.01,1
176,176,1,2,4,3,8,3,8,3,13.0,3,20,3,4,5,17,4,19,1,3,1,1,0,1,1,1,0,0,0,0,0,0,0.4631398,0.4631398,0.45711562,0.44541085,0.45711562,0.4588719,41765,3515,0.0,0.03,0.14,0.33,0.33,0.15,0.02,1
177,177,4,3,24,3,5,3,9,3,12.0,3,6,3,11,7,11,0,2,1,7,1,1,1,2,2,1,0,0,0,0,0,0,0.44819066,0.4631398,0.4631398,0.4512561,0.4631398,0.4588719,40486,3461,0.0,0.02,0.17,0.38,0.29,0.12,0.01,1
178,178,1,2,1,2,16,3,16,3,1.0,2,20,3,18,4,21,4,17,1,7,1,1,0,1,1,1,0,0,0,0,0,0,0.43571144,0.43571144,0.40431333,0.3989977,0.43571144,0.43091074,42645,3591,0.0,0.02,0.13,0.27,0.29,0.21,0.07,1
179,179,7,3,30,3,17,3,17,3,9.0,3,19,3,5,7,4,11,3,0,7,1,1,0,1,1,1,0,0,0,0,0,0,0.48084316,0.4752936,0.46522504,0.4508411,0.45083615,0.47395357,44578,3604,0.01,0.06,0.25,0.36,0.23,0.09,0.01,1
180,180,19,4,35,4,30,3,30,3,12.0,3,36,3,5,10,20,5,5,2,7,1,1,0,1,1,1,0,0,0,0,0,0,0.43438694,0.40261626,0.44959491,0.43731174,0.44839957,0.44164747,47344,4049,0.0,0.0,0.04,0.25,0.44,0.23,0.04,1
181,181,13,3,3,2,7,3,7,3,7.0,3,9,3,0,5,0,15,4,1,7,1,1,0,1,1,1,0,0,0,0,0,0,0.44806135,0.45904738,0.462108,0.44451603,0.47884992,0.45577574,43407,3671,0.0,0.02,0.18,0.36,0.27,0.15,0.03,1
182,182,32,3,29,3,4,3,4,3,24.0,3,3,3,21,13,8,2,4,0,7,0,0,1,0,0,0,0,0,0,0,0,0,0.49279824,0.4893898,0.49279824,0.4747021,0.49279824,0.46669596,42806,3484,0.01,0.05,0.24,0.35,0.25,0.09,0.01,1
183,183,1,2,4,3,6,3,6,3,1.0,2,12,3,18,18,4,0,3,0,13,1,1,0,1,1,1,0,0,0,0,0,0,0.4631398,0.4631398,0.47968784,0.46583074,0.4631398,0.470649,47094,3933,0.01,0.06,0.2,0.27,0.28,0.16,0.03,1
184,184,18,3,1,2,1,2,8,3,3.0,2,20,3,1,4,17,19,7,0,3,2,1,1,1,2,1,1,0,0,1,0,0,0.44478652,0.4631398,0.4631398,0.44541085,0.4631398,0.4588719,41785,3494,0.0,0.07,0.24,0.35,0.24,0.09,0.01,1
185,185,17,3,28,4,20,4,20,4,24.0,3,31,4,12,0,3,0,12,2,8,1,1,0,1,1,1,0,1,0,0,0,0,0.4631398,0.4631398,0.4631398,0.4512561,0.4631398,0.47702205,40545,3430,0.0,0.03,0.13,0.35,0.34,0.14,0.02,1
186,186,8,3,9,3,17,3,23,3,12.0,3,13,3,13,7,6,7,19,0,7,1,1,1,1,1,1,0,0,0,0,0,0,0.46863085,0.46863085,0.46863085,0.45512298,0.46863085,0.46164605,46910,3870,0.01,0.08,0.27,0.27,0.17,0.13,0.07,1
187,187,12,3,5,3,6,3,6,3,4.0,3,3,2,1,10,0,13,3,0,16,2,2,1,2,2,1,0,0,0,0,0,0,0.47535533,0.47258675,0.47058925,0.45349059,0.47258675,0.4628293,46246,3727,0.0,0.07,0.31,0.38,0.18,0.04,0.0,1
188,188,8,3,21,4,21,4,21,4,9.0,3,25,4,11,7,21,4,17,0,10,2,2,1,2,2,2,0,0,0,0,0,0,0.4587615,0.4569839,0.42222124,0.41518953,0.4229103,0.4450101,40549,3388,0.0,0.04,0.16,0.26,0.25,0.2,0.08,1
189,189,34,4,8,3,20,4,20,4,26.0,4,22,4,22,4,3,6,4,1,16,1,1,0,1,1,0,0,0,0,0,0,0,0.44835365,0.4428065,0.44835365,0.43503755,0.44835365,0.44375247,39234,3353,0.0,0.02,0.11,0.32,0.37,0.17,0.02,1
190,190,36,3,3,3,13,3,13,3,36.0,3,16,3,17,13,14,12,24,1,3,1,0,0,1,2,1,0,0,0,0,0,0,0.46313983,0.48107642,0.46313983,0.4512561,0.46313983,0.4588719,38769,3280,0.0,0.02,0.17,0.41,0.28,0.1,0.02,1
191,191,17,3,24,3,5,3,9,3,24.0,3,6,3,22,0,2,10,24,0,3,1,1,1,2,1,1,0,0,0,0,0,0,0.4772977,0.4772977,0.4772977,0.4624964,0.4772977,0.46844462,39611,3345,0.0,0.03,0.18,0.39,0.27,0.1,0.02,1
192,192,17,3,33,3,5,2,5,3,12.0,3,6,2,5,10,14,2,10,0,7,1,1,0,1,1,1,0,0,0,0,0,0,0.4631398,0.43203363,0.4631398,0.4512561,0.4611317,0.4588719,42574,3548,0.0,0.04,0.22,0.37,0.27,0.09,0.01,1
193,193,15,3,13,3,16,3,16,3,24.0,3,5,3,0,12,6,17,24,0,3,1,1,0,1,1,1,0,0,0,0,0,0,0.41590017,0.39305526,0.41590017,0.40318736,0.41590017,0.41253114,39667,3358,0.0,0.05,0.27,0.38,0.21,0.07,0.01,1
194,194,20,4,9,3,1,2,4,3,4.0,3,9,3,19,16,8,19,4,1,3,1,1,0,1,1,1,0,0,0,0,0,0,0.42635813,0.44599965,0.4476784,0.4451364,0.44599965,0.45377365,42237,3685,0.0,0.04,0.14,0.22,0.22,0.23,0.15,1
195,195,15,3,24,3,18,3,18,3,25.0,3,27,3,0,14,7,8,3,0,7,1,1,1,1,1,1,0,0,0,0,0,0,0.4631398,0.4631398,0.4631398,0.4512561,0.4631398,0.4588719,39086,3367,0.0,0.06,0.24,0.36,0.23,0.09,0.02,1
196,196,5,3,1,2,1,2,1,2,7.0,3,7,3,19,16,24,18,19,1,7,1,1,0,1,2,1,0,0,0,0,0,0,0.46222457,0.4631398,0.4631398,0.4512561,0.46222457,0.44039848,43099,3665,0.0,0.03,0.26,0.41,0.23,0.06,0.01,1
197,197,32,3,31,4,18,3,18,3,24.0,3,20,3,12,7,3,6,4,0,7,1,1,1,2,2,2,0,0,0,0,0,0,0.4631398,0.4752936,0.4631398,0.4512561,0.4631398,0.4588719,36769,3111,0.0,0.02,0.18,0.39,0.28,0.1,0.02,1
198,198,16,3,21,4,16,3,16,3,27.0,4,25,4,15,13,22,4,17,0,7,1,0,0,1,1,1,0,0,0,0,0,0,0.4292789,0.46262902,0.4292789,0.42360786,0.45985267,0.45608962,39813,3401,0.02,0.06,0.19,0.29,0.24,0.15,0.04,1
199,199,7,3,32,4,21,4,21,4,4.0,3,24,4,4,10,14,15,4,1,7,1,1,0,1,1,0,0,0,0,0,0,0,0.4631398,0.46003148,0.4631398,0.4512561,0.4631398,0.4588719,39228,3339,0.0,0.04,0.22,0.32,0.26,0.13,0.02,1
200,200,36,3,34,3,9,3,4,2,36.0,3,4,2,2,7,13,2,7,1,7,1,1,0,1,2,1,0,0,0,0,0,0,0.4631398,0.43203363,0.48263696,0.4512561,0.4631398,0.4588719,39171,3507,0.0,0.02,0.15,0.24,0.22,0.25,0.13,1
201,201,12,3,10,3,8,3,23,3,8.0,3,36,3,12,13,19,19,14,2,7,0,1,0,1,1,1,0,0,0,0,0,0,0.50750244,0.4631398,0.4631398,0.4512561,0.4631398,0.4588719,38384,3285,0.0,0.01,0.11,0.36,0.36,0.14,0.01,1
202,202,6,3,6,3,17,3,23,3,8.0,3,38,4,18,18,14,12,15,0,7,1,1,1,1,2,1,0,0,0,0,0,0,0.4536637,0.4536637,0.4536637,0.44063368,0.4536637,0.49738923,40650,3490,0.0,0.07,0.26,0.32,0.21,0.11,0.02,1
203,203,3,3,5,3,11,3,15,4,8.0,4,18,3,20,14,18,4,19,0,3,2,2,1,2,2,2,1,1,1,1,1,1,0.44569236,0.44569236,0.44569236,0.4419966,0.4294683,0.43934673,37791,3213,0.0,0.05,0.3,0.38,0.2,0.06,0.01,1
204,204,18,3,34,3,30,3,30,3,12.0,3,36,3,1,10,20,5,5,1,7,1,1,0,1,1,1,0,0,0,0,0,0,0.45079854,0.4182401,0.45079854,0.4379294,0.44519043,0.44605508,37353,3171,0.0,0.02,0.14,0.42,0.31,0.1,0.01,1
205,205,15,3,8,3,2,2,2,2,8.0,3,1,2,2,16,0,12,15,0,7,1,1,0,1,1,1,0,0,0,0,0,0,0.4631398,0.4631398,0.4631398,0.4512561,0.5011362,0.4588719,39250,3369,0.01,0.08,0.26,0.33,0.19,0.1,0.02,1
206,206,4,2,2,2,3,2,2,2,6.0,2,7,3,16,19,0,17,19,0,7,1,1,0,1,1,1,0,0,0,0,0,0,0.4631398,0.4631398,0.4631398,0.4512561,0.4631398,0.4588719,36662,3303,0.0,0.05,0.2,0.33,0.27,0.13,0.02,1
207,207,17,3,33,3,9,3,10,3,7.0,3,4,3,2,13,24,11,24,1,7,1,1,0,1,1,1,0,0,0,0,0,0,0.4631398,0.43203363,0.48263696,0.4221148,0.43203363,0.42487174,34909,3380,0.0,0.0,0.04,0.17,0.28,0.35,0.15,1
208,208,11,2,10,3,8,3,23,3,8.0,3,36,3,23,13,20,19,7,0,7,0,0,0,1,1,0,0,0,0,0,0,0,0.50750244,0.5153285,0.5153285,0.5012701,0.5153285,0.50567627,38381,3327,0.01,0.05,0.17,0.31,0.29,0.15,0.03,1
209,209,32,3,3,2,6,3,6,3,25.0,3,7,3,17,6,24,12,4,0,7,1,1,0,1,1,1,0,0,0,0,0,0,0.45364088,0.4553151,0.45364088,0.44060248,0.45364088,0.44831586,37229,3336,0.0,0.04,0.22,0.39,0.25,0.08,0.01,1
210,210,36,3,37,4,31,3,31,3,36.0,3,37,3,1,19,6,6,24,1,3,2,2,1,1,2,1,0,0,0,0,0,0,0.45600465,0.41874143,0.45600465,0.4425849,0.45600465,0.452102,37350,3428,0.0,0.01,0.09,0.29,0.34,0.22,0.05,1
211,211,1,2,14,3,10,3,10,3,4.0,3,3,2,0,10,8,4,13,0,3,1,2,1,2,2,1,0,0,0,0,0,0,0.457962,0.46106812,0.46106812,0.44767544,0.45873946,0.45464256,38841,3395,0.03,0.17,0.31,0.29,0.15,0.04,0.0,1
212,212,7,3,1,2,6,3,6,3,2.0,2,9,3,18,11,4,0,17,0,3,1,1,0,1,1,1,0,0,0,0,0,0,0.42318174,0.44308132,0.45578602,0.4385583,0.44308132,0.44744855,36223,3190,0.0,0.02,0.16,0.39,0.29,0.12,0.02,1
213,213,8,3,9,3,17,3,26,4,12.0,3,13,3,20,12,5,8,19,0,3,1,1,1,1,1,1,0,0,0,0,0,0,0.4631398,0.4631398,0.4631398,0.4512561,0.4631398,0.4588719,35516,3187,0.0,0.03,0.24,0.38,0.25,0.09,0.01,1
214,214,5,3,11,3,4,3,13,3,3.0,3,28,3,15,0,19,19,24,1,7,2,1,1,2,2,2,0,0,0,0,0,0,0.44357038,0.4631398,0.42126483,0.4512561,0.4631398,0.4588719,36223,3019,0.0,0.02,0.16,0.39,0.29,0.12,0.01,1
215,215,17,3,33,3,9,3,10,3,13.0,3,3,3,2,10,8,13,6,0,14,1,1,0,1,1,1,0,0,0,0,0,0,0.43679145,0.40151352,0.4470187,0.39437926,0.4331106,0.42732465,37654,3312,0.0,0.04,0.2,0.34,0.27,0.13,0.02,1
216,216,8,3,14,3,10,3,10,3,4.0,3,4,3,6,10,4,0,13,0,3,2,2,0,1,1,1,0,0,0,0,0,0,0.4631398,0.4631398,0.4631398,0.4512561,0.4644867,0.45464256,37301,3243,0.0,0.06,0.23,0.37,0.24,0.08,0.01,1
217,217,1,2,14,3,10,3,10,3,4.0,3,12,3,11,0,1,4,11,1,7,0,2,1,2,2,0,0,0,0,0,0,0,0.47106656,0.4776515,0.4776515,0.46352544,0.4968975,0.475472,34198,3076,0.0,0.04,0.18,0.32,0.29,0.15,0.02,1
218,218,36,3,37,4,30,3,30,3,36.0,3,13,3,7,19,13,10,24,0,7,1,2,0,1,2,1,0,0,0,0,0,0,0.49396214,0.4637462,0.49396214,0.4796848,0.49396214,0.48493454,35276,3185,0.0,0.01,0.11,0.33,0.25,0.22,0.07,1
219,219,15,3,5,3,6,3,6,3,8.0,3,5,3,10,6,0,10,8,1,7,1,1,0,1,1,1,0,0,0,0,0,0,0.4631398,0.46524328,0.46141765,0.44614053,0.5011362,0.45322502,31652,2968,0.0,0.02,0.17,0.33,0.28,0.16,0.04,4
220,220,19,4,20,3,21,4,21,4,26.0,3,24,3,15,13,10,4,17,0,7,2,0,1,1,1,1,0,0,0,0,0,0,0.4344419,0.46805245,0.4344419,0.42814162,0.4631398,0.4588719,35376,3180,0.0,0.04,0.17,0.3,0.27,0.17,0.05,1
221,221,8,3,19,3,1,2,1,2,9.0,3,1,2,6,16,20,4,11,0,7,0,0,0,1,1,1,0,0,0,0,0,0,0.47458097,0.46805245,0.4631398,0.4512561,0.43652797,0.4588719,35105,3087,0.0,0.03,0.19,0.39,0.29,0.09,0.01,1
222,222,19,3,8,3,1,2,1,2,9.0,3,2,2,19,21,8,2,4,0,10,1,1,0,1,2,1,0,0,0,0,0,0,0.4284285,0.4486882,0.44853586,0.43796134,0.4486882,0.44148162,35815,3173,0.01,0.06,0.28,0.38,0.21,0.06,0.01,1
223,223,7,3,1,2,3,3,1,2,7.0,3,4,3,19,21,0,13,6,0,13,1,1,1,1,1,1,0,0,0,0,0,0,0.46313983,0.46313983,0.45884025,0.4512561,0.46313983,0.4628292,34938,3172,0.0,0.03,0.22,0.43,0.25,0.07,0.01,1
224,224,7,3,5,3,13,3,13,3,7.0,3,16,3,18,6,17,20,6,0,3,1,1,0,1,1,1,0,0,0,0,0,0,0.43123585,0.43123585,0.43699747,0.4226956,0.43123585,0.42904088,33965,2987,0.0,0.04,0.23,0.36,0.26,0.1,0.01,1
225,225,3,3,3,3,1,2,1,2,6.0,3,3,3,19,16,4,0,19,1,7,1,1,1,1,2,1,0,0,0,0,0,0,0.4310259,0.4310259,0.45832375,0.44454852,0.46230108,0.4719342,38245,3249,0.01,0.22,0.32,0.26,0.14,0.05,0.01,1
226,226,1,2,4,3,3,3,4,3,1.0,2,10,3,22,0,18,19,4,0,7,1,1,0,1,1,1,0,0,0,0,0,0,0.42230874,0.4176041,0.4176041,0.40703744,0.42230874,0.40700343,35617,3186,0.01,0.07,0.19,0.27,0.24,0.17,0.05,1
227,227,7,3,1,2,8,3,8,3,13.0,3,20,3,12,4,17,8,19,0,7,1,1,0,1,1,1,0,0,0,0,0,0,0.49912795,0.49321997,0.490101,0.47736707,0.490101,0.4919758,35888,3123,0.0,0.07,0.33,0.37,0.17,0.05,0.0,1
228,228,18,4,31,4,19,4,19,4,26.0,4,12,3,22,13,21,4,13,0,15,2,2,1,2,2,2,0,0,0,0,0,0,0.45660928,0.48232898,0.47619936,0.4596356,0.4894097,0.4808294,33549,2933,0.0,0.02,0.13,0.32,0.32,0.17,0.03,1
229,229,32,3,8,3,17,3,17,3,24.0,3,12,3,13,4,4,3,24,1,3,1,1,0,1,1,1,0,0,0,0,0,0,0.47138453,0.47138453,0.46121335,0.44644225,0.47138453,0.46267718,33700,2927,0.0,0.02,0.21,0.41,0.26,0.09,0.01,1
230,230,17,3,33,3,9,3,10,3,14.0,4,5,3,2,10,14,22,13,0,7,1,1,0,1,1,1,0,0,0,0,0,0,0.47928146,0.4458951,0.4954986,0.43386078,0.42945987,0.47091243,36737,3175,0.01,0.08,0.29,0.36,0.2,0.06,0.01,1
231,231,36,3,19,3,9,3,9,3,36.0,3,5,3,8,16,14,13,24,0,7,1,1,1,2,2,1,0,0,0,0,0,0,0.48031148,0.48031148,0.46294025,0.4483766,0.48031148,0.4453896,34716,3046,0.0,0.06,0.29,0.34,0.21,0.08,0.01,1
232,232,19,4,4,3,21,4,21,4,24.0,3,20,3,17,19,3,4,17,1,7,2,1,1,2,1,1,0,0,0,0,0,0,0.4344419,0.4553151,0.4344419,0.42814162,0.4631398,0.4588719,31241,2784,0.0,0.02,0.16,0.33,0.29,0.16,0.04,4
233,233,5,3,16,4,9,3,9,3,6.0,3,10,3,6,0,20,25,4,0,7,1,2,0,1,1,1,0,0,0,0,0,0,0.471031,0.47378573,0.46621624,0.45149443,0.4631398,0.4596588,30214,2866,0.0,0.02,0.11,0.24,0.31,0.25,0.08,4
234,234,16,3,29,3,3,3,5,3,24.0,3,4,3,2,6,8,4,5,0,7,0,0,0,1,0,1,0,0,0,0,0,0,0.44871837,0.47195423,0.47196957,0.45489866,0.47843242,0.4622378,34281,3072,0.01,0.06,0.32,0.38,0.18,0.05,0.0,1
235,235,2,2,4,2,11,3,14,3,7.0,3,12,3,14,12,18,4,19,0,15,1,1,0,2,1,1,0,0,0,0,0,0,0.4631398,0.4631398,0.4631398,0.46071857,0.44774792,0.4588719,33660,3009,0.0,0.04,0.29,0.4,0.21,0.06,0.01,1
236,236,37,4,19,3,7,3,7,3,29.0,4,11,4,15,16,8,25,4,0,7,1,0,0,1,2,0,0,0,0,0,0,0,0.5468125,0.5397001,0.5397001,0.52547026,0.5468125,0.5547546,35343,3166,0.0,0.05,0.12,0.2,0.32,0.26,0.05,1
237,237,36,3,36,3,30,3,30,3,36.0,3,13,3,5,19,13,6,8,0,8,2,2,1,2,2,2,0,0,0,0,0,0,0.4631398,0.43203363,0.4631398,0.4512561,0.4631398,0.4588719,31903,2928,0.0,0.02,0.18,0.41,0.28,0.09,0.01,4
238,238,15,3,7,3,1,2,1,2,7.0,2,1,2,2,6,0,17,12,0,16,1,1,0,1,1,1,0,0,0,0,0,0,0.50867325,0.50867325,0.5011362,0.48506632,0.5011362,0.4914963,35724,3149,0.01,0.12,0.32,0.34,0.16,0.05,0.01,1
239,239,1,2,33,3,30,3,30,3,7.0,3,36,3,6,19,11,11,24,1,10,1,1,0,1,1,1,0,0,0,0,0,0,0.4631398,0.43203363,0.4631398,0.4512561,0.43203363,0.4588719,31191,2877,0.0,0.01,0.09,0.27,0.31,0.25,0.07,4
240,240,2,2,9,3,8,3,7,2,13.0,3,5,3,8,12,19,4,17,0,3,1,1,0,1,1,1,0,0,1,0,0,1,0.45631322,0.4552808,0.4494606,0.44541085,0.4494606,0.442179,32018,2889,0.0,0.06,0.25,0.36,0.23,0.08,0.01,4
241,241,38,4,33,3,30,3,30,3,38.0,4,38,4,22,6,14,14,15,1,7,2,1,0,1,2,2,0,0,0,0,0,0,0.44019875,0.41564763,0.44849288,0.43510118,0.44019875,0.46223843,32733,2970,0.0,0.01,0.16,0.47,0.29,0.07,0.01,4
242,242,3,3,8,3,16,4,5,3,9.0,3,3,3,19,0,20,13,19,1,7,1,1,0,1,1,1,0,0,0,0,0,0,0.4631398,0.43675643,0.4631398,0.4777577,0.4631398,0.4588719,32734,3022,0.0,0.04,0.19,0.27,0.21,0.16,0.13,4
243,243,7,3,4,3,16,3,16,3,8.0,2,20,3,11,4,4,17,24,1,3,1,1,1,1,1,1,0,0,0,0,0,0,0.43451774,0.4043272,0.4043272,0.39821717,0.43652797,0.4281626,30992,2873,0.0,0.03,0.17,0.37,0.28,0.12,0.02,4
244,244,3,2,2,2,1,2,2,2,2.0,2,1,2,2,10,0,18,18,1,7,1,1,1,1,2,1,0,0,0,0,0,0,0.45405674,0.45405674,0.45405674,0.44307682,0.45405674,0.44709277,31962,3001,0.0,0.04,0.21,0.32,0.22,0.13,0.07,4
245,245,18,3,8,3,5,2,4,2,10.0,3,21,3,19,6,4,12,4,1,7,1,1,0,1,1,1,0,0,0,0,0,0,0.50764316,0.52700466,0.51599354,0.49920446,0.52700466,0.5163966,32172,2909,0.0,0.08,0.29,0.4,0.18,0.04,0.0,4
246,246,3,3,10,3,8,3,23,3,1.0,2,36,3,11,13,5,19,24,0,13,1,1,0,1,1,1,0,0,0,0,0,0,0.4870477,0.4870477,0.4870477,0.47320262,0.48090532,0.4780285,29237,2777,0.0,0.04,0.19,0.34,0.27,0.13,0.03,4
247,247,7,3,11,3,16,4,5,3,9.0,3,29,4,19,7,1,8,0,1,3,1,1,1,2,2,2,0,0,0,0,0,0,0.4631398,0.4631398,0.49898824,0.4777577,0.4631398,0.4588719,27887,2675,0.0,0.01,0.14,0.4,0.3,0.12,0.02,4
248,248,32,3,32,4,18,3,18,3,24.0,3,20,3,1,13,14,25,4,1,7,1,1,0,1,1,0,0,0,0,0,0,0,0.4631398,0.46003148,0.4631398,0.4512561,0.4631398,0.4588719,29147,2883,0.0,0.01,0.07,0.27,0.38,0.23,0.04,4
249,249,12,3,24,3,18,3,18,3,5.0,3,29,4,0,10,15,7,0,1,7,2,1,1,2,2,2,0,0,0,0,0,0,0.47561687,0.47561687,0.47561687,0.46256545,0.47561687,0.5029861,29497,2706,0.0,0.03,0.19,0.4,0.28,0.09,0.01,4
250,250,18,3,8,3,6,3,5,3,11.0,4,22,4,19,6,24,12,4,0,13,2,1,1,2,2,2,0,0,0,0,0,0,0.44478652,0.4631398,0.51599354,0.49920446,0.52700466,0.5163966,32142,2938,0.01,0.05,0.24,0.41,0.23,0.05,0.0,4
251,251,8,3,9,3,17,3,24,3,12.0,3,37,3,3,13,20,1,19,0,7,1,1,1,1,1,1,0,0,0,0,0,0,0.45036384,0.45036384,0.45036384,0.43635345,0.45036384,0.44431078,33344,3011,0.01,0.12,0.32,0.34,0.16,0.04,0.0,1
252,252,6,4,9,3,6,3,6,3,10.0,3,10,3,15,0,17,4,17,1,7,0,1,0,1,1,1,0,0,0,0,0,0,0.4631398,0.4834316,0.4834316,0.46538872,0.4631398,0.47555786,37309,4130,0.0,0.0,0.04,0.11,0.15,0.22,0.48,1
253,253,18,3,8,3,1,2,1,2,3.0,2,3,3,2,6,20,19,4,0,7,1,1,0,1,1,1,0,0,0,0,0,0,0.44478652,0.4631398,0.4631398,0.4512561,0.4631398,0.42859405,33418,3073,0.0,0.11,0.37,0.36,0.12,0.03,0.0,1
254,254,6,3,6,3,4,3,3,3,7.0,3,7,3,18,18,8,2,10,0,3,1,1,0,1,2,1,0,0,0,0,0,0,0.44613695,0.44613695,0.44613695,0.43324074,0.44613695,0.4403032,33102,3038,0.01,0.09,0.36,0.35,0.14,0.04,0.0,4
255,255,19,3,8,2,1,2,1,2,8.0,2,1,2,19,16,8,2,4,0,7,1,1,0,1,1,1,0,0,0,0,0,0,0.44478646,0.46313983,0.46313983,0.4512561,0.46313983,0.4588719,35050,3430,0.0,0.05,0.24,0.25,0.18,0.17,0.11,1
256,256,8,3,14,3,9,3,9,3,1.0,2,10,3,0,10,8,10,4,0,10,2,2,0,1,1,1,0,0,0,0,0,0,0.4656557,0.4656557,0.46534646,0.450554,0.46072397,0.45833033,31277,2843,0.0,0.06,0.2,0.33,0.27,0.12,0.02,4
257,257,13,3,1,2,1,2,1,2,10.0,3,1,2,17,4,2,0,15,0,3,1,1,0,1,1,1,0,0,0,0,0,0,0.45216036,0.4631398,0.4631398,0.4512561,0.4631398,0.4588719,31976,2900,0.0,0.05,0.3,0.35,0.21,0.08,0.01,4
258,258,1,2,1,2,15,3,13,3,1.0,2,2,2,18,0,8,13,19,0,7,1,1,0,1,1,1,0,0,0,0,0,0,0.4631398,0.4631398,0.4631398,0.4512561,0.4631398,0.4588719,34455,3119,0.01,0.14,0.35,0.29,0.15,0.05,0.01,1
259,259,17,3,19,3,13,3,13,3,12.0,3,16,3,6,10,14,17,24,0,7,1,1,0,1,1,1,0,0,0,0,0,0,0.49301034,0.49301034,0.49301034,0.47623932,0.48621088,0.48477274,31509,2893,0.0,0.06,0.3,0.39,0.19,0.05,0.0,4
260,260,4,3,1,2,1,2,1,2,1.0,2,4,3,6,16,0,19,4,0,7,1,1,0,1,1,1,0,0,0,0,0,0,0.4631398,0.4631398,0.4631398,0.4512561,0.4631398,0.4588719,32777,3077,0.01,0.14,0.29,0.28,0.16,0.08,0.03,4
261,261,5,3,8,3,14,3,13,3,9.0,3,27,3,0,3,12,8,19,0,7,1,1,0,1,1,1,0,0,0,0,0,0,0.42441785,0.401172,0.42441785,0.4145249,0.42441785,0.4197548,28994,2677,0.0,0.1,0.25,0.34,0.22,0.08,0.01,4
262,262,3,2,1,2,9,3,9,3,3.0,2,7,3,1,16,8,18,10,0,3,1,1,1,2,1,1,0,0,0,0,0,0,0.4890071,0.4890071,0.47574526,0.46256056,0.4890071,0.46450397,31706,2884,0.0,0.05,0.23,0.38,0.24,0.07,0.01,4
263,263,7,3,10,3,32,4,32,4,7.0,3,38,4,18,13,6,6,24,1,3,1,1,0,1,1,1,0,0,0,0,0,0,0.42488566,0.43322748,0.43184394,0.42159218,0.42488566,0.42704356,30985,2888,0.0,0.02,0.18,0.38,0.28,0.11,0.02,4
264,264,4,3,5,3,13,3,13,3,4.0,3,16,3,20,17,20,17,15,1,3,1,1,0,1,1,1,0,0,0,0,0,0,0.46906438,0.44578746,0.44989073,0.43762642,0.46906438,0.44728118,31355,3007,0.0,0.03,0.21,0.38,0.26,0.09,0.01,4
265,265,5,3,3,2,4,3,3,3,5.0,3,4,3,18,2,0,11,3,0,7,1,1,1,1,1,1,0,0,0,0,0,0,0.46141765,0.4631398,0.46524328,0.44307682,0.46141765,0.45520332,30477,2829,0.0,0.04,0.23,0.36,0.24,0.11,0.02,4
266,266,6,2,4,2,2,2,4,3,6.0,2,1,2,18,2,14,17,13,0,8,1,1,0,1,1,1,0,0,0,0,0,0,0.4576751,0.4576751,0.4576751,0.43258044,0.4576751,0.45151198,31223,2859,0.0,0.08,0.31,0.35,0.2,0.06,0.01,4
267,267,8,3,4,3,7,3,7,3,1.0,2,9,3,11,4,0,21,4,1,16,2,1,0,1,1,1,0,0,0,0,0,0,0.42245138,0.43764326,0.42245138,0.41314688,0.4245524,0.41856894,28202,2696,0.0,0.04,0.16,0.34,0.31,0.12,0.01,4
268,268,20,4,8,3,6,3,5,3,9.0,3,3,3,19,21,8,13,4,0,3,2,1,0,1,1,1,0,0,0,0,0,0,0.42842847,0.4631398,0.51599354,0.49920446,0.4631398,0.48527274,30088,2775,0.0,0.06,0.28,0.4,0.2,0.05,0.01,4
269,269,6,3,6,3,17,3,26,4,7.0,3,6,3,18,18,8,13,6,0,14,1,1,1,1,2,2,0,0,0,0,0,0,0.4651082,0.4651082,0.4651082,0.45040652,0.4651082,0.4461537,32288,2969,0.01,0.1,0.3,0.33,0.18,0.08,0.02,4
270,270,40,4,33,3,30,3,30,3,40.0,4,36,3,1,13,20,6,7,0,2,1,1,1,1,2,1,0,0,0,0,0,0,0.4631398,0.43203363,0.4631398,0.4512561,0.4631398,0.4588719,32014,3060,0.0,0.03,0.17,0.35,0.28,0.13,0.03,4
271,271,1,2,1,2,16,3,16,3,1.0,2,13,3,12,0,17,18,7,0,3,1,1,0,1,2,1,0,0,0,0,0,0,0.4631398,0.4631398,0.4631398,0.4512561,0.4631398,0.4588719,30935,2885,0.0,0.09,0.3,0.35,0.19,0.06,0.01,4
272,272,1,2,6,3,8,3,23,3,1.0,2,36,3,18,10,14,19,7,0,3,1,1,0,1,1,1,0,0,0,0,0,0,0.4631398,0.4631398,0.4631398,0.4512561,0.4631398,0.4588719,32522,2987,0.01,0.1,0.38,0.34,0.13,0.03,0.0,4
273,273,17,3,28,4,19,3,19,3,24.0,3,6,3,3,0,13,3,24,1,3,1,1,1,2,1,1,0,1,0,0,0,0,0.4631398,0.4631398,0.4631398,0.4512561,0.4631398,0.4588719,29026,2840,0.0,0.02,0.11,0.23,0.29,0.24,0.11,4
274,274,36,3,21,4,13,3,13,3,36.0,3,16,3,21,7,6,14,17,0,7,2,1,0,1,2,1,0,0,0,0,0,0,0.4631398,0.5165299,0.4631398,0.4512561,0.4631398,0.4588719,26905,2642,0.0,0.02,0.15,0.35,0.31,0.14,0.02,4
275,275,40,4,33,3,31,3,31,3,40.0,4,37,3,7,13,22,3,24,0,7,1,1,0,1,1,1,0,0,0,0,0,0,0.4631398,0.43203363,0.4631398,0.4512561,0.4631398,0.4588719,28408,2668,0.0,0.02,0.13,0.32,0.32,0.17,0.04,4
276,276,33,3,30,3,17,3,17,3,24.0,3,12,3,4,12,9,14,24,0,7,1,1,1,1,1,1,0,0,0,0,0,0,0.5058603,0.5008538,0.49148253,0.47584453,0.5058603,0.4950929,26878,2654,0.0,0.03,0.12,0.29,0.33,0.2,0.03,4
277,277,1,2,28,4,18,3,18,3,12.0,3,29,4,21,0,11,8,3,0,3,1,1,1,2,2,2,0,0,0,0,0,0,0.43961436,0.44467777,0.4418406,0.42692262,0.4418406,0.43595317,28575,2752,0.0,0.04,0.28,0.38,0.21,0.08,0.01,4
278,278,36,3,33,3,6,3,10,3,36.0,3,2,2,8,13,13,8,2,1,3,2,1,1,1,2,1,0,0,0,0,0,0,0.4631398,0.43203363,0.4631398,0.4221148,0.4631398,0.4588719,29151,2947,0.0,0.02,0.13,0.25,0.28,0.21,0.11,4
279,279,8,3,14,3,10,3,10,3,3.0,2,13,3,4,15,20,0,11,0,3,2,2,0,1,1,1,0,0,0,0,0,0,0.48964733,0.48964733,0.48964733,0.4757919,0.4851962,0.49090806,27197,2677,0.0,0.05,0.23,0.35,0.25,0.11,0.02,4
280,280,17,3,19,3,13,3,13,3,11.0,2,16,3,5,10,14,14,17,1,7,1,1,0,1,1,1,0,0,0,0,0,0,0.46149802,0.46149802,0.46149802,0.45078027,0.4611317,0.45635924,28906,2752,0.0,0.03,0.23,0.44,0.24,0.06,0.0,4
281,281,4,2,11,3,1,2,2,2,9.0,3,5,3,2,0,19,2,7,1,7,1,1,0,1,1,2,0,0,0,0,0,0,0.44357038,0.44224784,0.44357038,0.43277603,0.44224784,0.43459803,30403,3123,0.0,0.07,0.18,0.2,0.15,0.16,0.23,4
282,282,9,4,4,3,7,3,7,3,7.0,4,9,3,18,14,0,3,4,0,13,1,1,0,1,1,1,0,0,0,0,0,0,0.39909533,0.4472436,0.46265477,0.4489942,0.39909533,0.45758066,30459,2854,0.01,0.08,0.29,0.36,0.19,0.06,0.01,4
283,283,4,3,4,3,11,3,13,3,2.0,2,14,4,18,18,4,8,13,0,3,1,1,0,1,1,0,0,0,0,0,0,0,0.47662312,0.47662312,0.47662312,0.47298375,0.47336397,0.4688456,31269,2965,0.01,0.12,0.34,0.32,0.16,0.05,0.01,4
284,284,4,3,3,3,12,3,14,3,6.0,3,18,3,4,22,8,18,19,0,3,1,1,1,2,1,1,0,0,0,0,0,0,0.4374496,0.4374496,0.4591222,0.4506257,0.4374496,0.45376554,28612,2805,0.0,0.05,0.24,0.38,0.23,0.08,0.01,4
285,285,36,3,19,3,13,3,13,3,36.0,3,16,3,16,19,8,17,10,0,7,1,1,0,1,2,1,0,0,0,0,0,0,0.4631398,0.4631398,0.4631398,0.4512561,0.4631398,0.4588719,28322,2794,0.0,0.03,0.23,0.39,0.24,0.09,0.02,4
286,286,32,3,7,2,17,3,17,3,24.0,3,12,3,3,4,13,8,12,0,7,1,1,0,1,1,1,0,0,0,0,0,0,0.46313983,0.46313983,0.45114434,0.43747598,0.46313983,0.4588719,28741,2769,0.0,0.05,0.29,0.4,0.2,0.05,0.0,4
287,287,32,3,19,3,7,3,7,3,24.0,3,9,3,6,16,14,21,4,0,7,1,1,0,1,1,1,0,0,0,0,0,0,0.46313983,0.4680525,0.4680525,0.4532785,0.46313983,0.47328103,28637,2794,0.0,0.04,0.18,0.3,0.28,0.17,0.03,4
288,288,1,2,5,3,17,3,17,3,3.0,3,18,3,18,14,8,4,11,0,7,1,1,0,1,1,1,0,0,0,0,0,0,0.4631398,0.49520612,0.45114434,0.43747595,0.4387439,0.4588719,29084,2810,0.0,0.07,0.32,0.36,0.19,0.06,0.01,4
289,289,36,3,37,4,32,4,32,4,36.0,3,38,4,12,19,12,12,24,2,7,2,2,1,2,2,2,0,0,0,0,0,0,0.49910185,0.46994323,0.49064943,0.47597662,0.49910185,0.48515102,29279,3021,0.0,0.01,0.04,0.14,0.27,0.37,0.18,4
290,290,1,2,7,2,14,3,13,3,5.0,3,27,3,5,0,20,11,19,0,7,1,1,0,1,1,1,0,0,0,0,0,0,0.43675643,0.43675643,0.43421146,0.4236698,0.45199051,0.43298662,28947,2768,0.0,0.07,0.27,0.35,0.22,0.08,0.01,4
291,291,39,3,33,3,30,3,30,3,39.0,3,36,3,5,13,6,6,24,1,13,1,1,0,1,1,1,0,0,0,0,0,0,0.4631398,0.43203363,0.4631398,0.4512561,0.4631398,0.4588719,28953,2817,0.0,0.02,0.13,0.35,0.32,0.15,0.03,4
292,292,2,2,9,3,17,3,23,3,1.0,2,35,2,5,10,14,20,19,0,7,1,1,1,1,1,1,0,0,0,0,0,0,0.4631398,0.4631398,0.4631398,0.4512561,0.4631398,0.4588719,30063,2904,0.0,0.06,0.28,0.37,0.21,0.07,0.01,4
293,293,17,3,14,3,3,3,4,3,24.0,3,3,3,2,0,17,17,24,1,7,1,1,0,1,1,1,0,0,0,0,0,0,0.4512218,0.42822188,0.4512218,0.43901774,0.4512218,0.44415283,27609,2615,0.0,0.04,0.22,0.35,0.24,0.12,0.03,4
294,294,7,3,3,3,10,3,10,3,3.0,3,4,3,18,12,4,0,10,0,16,1,1,0,1,1,1,0,0,0,0,0,0,0.42979294,0.44837806,0.44837806,0.4360628,0.42871764,0.4389625,27905,2636,0.0,0.07,0.28,0.36,0.21,0.07,0.01,4
295,295,10,4,29,3,17,3,17,3,9.0,3,18,3,11,7,1,4,11,1,7,2,2,1,2,2,2,0,0,0,0,0,0,0.47458097,0.46003148,0.45114434,0.43747595,0.43652797,0.4588719,25156,2536,0.0,0.03,0.15,0.32,0.32,0.16,0.02,4
296,296,1,2,11,3,4,3,13,3,1.0,2,27,3,22,0,11,19,25,0,7,1,1,1,1,1,1,0,0,0,0,0,0,0.486223,0.49229825,0.4480128,0.4744141,0.486223,0.48090994,24672,2496,0.0,0.02,0.11,0.29,0.35,0.19,0.03,4
297,297,3,2,11,3,14,3,13,3,4.0,2,27,3,0,14,19,11,24,0,10,1,1,0,1,1,1,0,0,0,0,0,0,0.48396027,0.48736402,0.48736402,0.47071585,0.48396027,0.47914347,26498,2572,0.0,0.03,0.26,0.41,0.23,0.07,0.01,4
298,298,18,4,29,3,17,3,17,3,24.0,3,12,3,15,7,13,4,24,0,17,1,1,0,1,1,1,0,0,0,0,0,0,0.39367038,0.46003148,0.45114434,0.43747595,0.4631398,0.4588719,27502,3667,0.0,0.01,0.14,0.37,0.33,0.14,0.02,4
299,299,7,3,3,3,11,3,13,3,13.0,3,12,3,8,12,4,15,19,0,3,1,0,0,2,1,1,0,0,0,0,0,0,0.4505591,0.4505591,0.4505591,0.44832897,0.44433215,0.44443977,27670,2640,0.0,0.06,0.3,0.39,0.2,0.06,0.01,4
300,300,11,2,24,3,17,2,17,2,4.0,2,27,3,0,10,14,20,3,0,3,1,1,1,1,2,2,0,0,0,0,0,0,0.4631398,0.4631398,0.4631398,0.4512561,0.4631398,0.4588719,29554,2819,0.01,0.18,0.31,0.3,0.15,0.04,0.01,4
301,301,12,3,10,3,8,3,23,3,8.0,3,37,3,15,6,14,19,14,1,7,0,1,0,1,1,1,0,0,0,0,0,0,0.5541513,0.51667047,0.51667047,0.49977615,0.51667047,0.50892854,27330,2565,0.0,0.05,0.34,0.43,0.15,0.03,0.0,4
302,302,13,3,9,3,1,2,1,2,10.0,3,2,2,3,16,4,0,12,0,7,1,1,0,1,1,1,0,0,0,0,0,0,0.47562772,0.512454,0.4837741,0.46943143,0.49079266,0.4758106,29743,2751,0.05,0.14,0.31,0.29,0.15,0.04,0.01,4
303,303,3,3,3,3,2,2,3,3,1.0,2,9,3,18,18,0,11,4,0,7,1,1,0,1,1,1,0,0,0,0,0,0,0.41599023,0.41599023,0.4212266,0.40467706,0.4212266,0.40966597,31068,3013,0.02,0.19,0.3,0.27,0.15,0.06,0.02,4
304,304,32,3,8,3,18,3,18,3,24.0,3,13,3,1,4,6,8,13,0,7,1,1,0,1,1,1,0,0,0,0,0,0,0.4618614,0.4618614,0.44740346,0.43425596,0.4618614,0.4558174,26096,2439,0.0,0.06,0.26,0.36,0.23,0.07,0.01,4
305,305,1,2,5,3,17,3,17,3,2.0,2,18,3,18,14,4,11,11,1,16,1,0,0,1,1,1,0,0,0,0,0,0,0.4387439,0.465603,0.4261252,0.41408065,0.4387439,0.4308651,27213,2531,0.0,0.04,0.24,0.37,0.24,0.09,0.01,4
306,306,17,3,3,2,16,3,16,3,24.0,3,1,2,17,0,8,13,24,0,3,1,1,0,1,1,1,0,0,0,0,0,0,0.45179823,0.45058352,0.45179823,0.43819466,0.45179823,0.4435545,28984,2678,0.01,0.16,0.38,0.31,0.11,0.03,0.01,4
307,307,18,3,8,3,3,3,4,3,4.0,3,4,3,20,12,8,19,4,0,3,1,1,0,1,1,1,0,0,0,0,0,0,0.44478652,0.4631398,0.4631398,0.4512561,0.4631398,0.4558691,27467,2575,0.01,0.11,0.31,0.33,0.18,0.05,0.01,4
308,308,8,3,1,2,10,3,10,3,4.0,3,14,4,12,4,3,0,11,0,3,2,1,0,1,2,1,0,0,0,0,0,0,0.52353877,0.51425725,0.52353877,0.5095285,0.5434181,0.55290794,25993,2438,0.0,0.05,0.25,0.38,0.23,0.08,0.01,4
309,309,1,2,3,3,6,3,6,3,3.0,3,12,3,21,0,11,4,19,0,7,1,1,0,1,1,1,0,0,0,0,0,0,0.4631398,0.4631398,0.47968784,0.46583074,0.45817426,0.470649,24660,2356,0.0,0.04,0.22,0.38,0.25,0.09,0.01,4
310,310,16,4,6,4,7,3,7,3,8.0,4,1,2,8,12,0,13,4,1,7,1,1,0,1,1,1,0,0,0,0,0,0,0.47649536,0.45176253,0.45714977,0.44321012,0.47053427,0.44849738,25085,2515,0.0,0.08,0.25,0.3,0.21,0.13,0.03,4
311,311,1,2,14,3,9,3,9,3,3.0,3,10,3,12,0,15,11,4,0,7,1,2,0,1,1,1,0,0,0,0,0,0,0.4631398,0.4631398,0.46621624,0.45149443,0.48237583,0.4596588,26536,2467,0.01,0.06,0.26,0.36,0.21,0.08,0.01,4
312,312,5,3,3,3,5,3,5,3,5.0,3,1,2,18,12,0,17,11,0,7,1,1,1,1,1,1,0,0,0,0,0,0,0.46141765,0.4631398,0.4631398,0.4512561,0.46141765,0.4588719,27475,2650,0.0,0.05,0.21,0.31,0.24,0.15,0.04,4
313,313,3,2,9,3,6,3,6,3,10.0,3,9,3,1,0,10,4,17,0,7,0,0,0,1,1,0,0,0,0,0,0,0,0.4631398,0.4834316,0.4834316,0.46538872,0.4631398,0.47555786,25576,2541,0.0,0.05,0.16,0.23,0.24,0.22,0.1,4
314,314,18,3,9,3,1,2,1,2,9.0,3,7,3,19,6,4,17,4,1,10,1,1,0,1,1,1,0,0,0,0,0,0,0.42573076,0.4426133,0.44028288,0.42939842,0.4426133,0.43540356,27465,2530,0.0,0.14,0.35,0.33,0.14,0.04,0.0,4
315,315,17,3,33,3,30,3,30,3,14.0,4,36,3,6,10,24,15,7,0,17,1,1,0,1,1,1,0,0,0,0,0,0,0.4631398,0.43203363,0.4631398,0.4512561,0.4331106,0.4588719,29208,2899,0.0,0.02,0.23,0.49,0.2,0.05,0.01,4
316,316,2,2,2,2,3,2,2,2,6.0,3,9,3,0,20,4,17,19,0,7,1,1,0,1,1,1,0,0,0,0,0,0,0.4359183,0.4359183,0.4359183,0.42549372,0.436542,0.44710255,24749,2400,0.0,0.07,0.26,0.35,0.22,0.09,0.01,4
317,317,15,3,2,2,2,2,2,2,6.0,3,4,3,1,16,0,21,4,0,7,1,1,0,1,1,1,0,0,0,0,0,0,0.48378673,0.4908314,0.4908314,0.47379658,0.5156908,0.49112168,24991,2396,0.01,0.06,0.17,0.27,0.27,0.18,0.05,4
318,318,15,3,24,3,18,3,18,3,26.0,4,27,3,0,22,8,14,12,0,3,1,1,0,1,1,1,0,0,0,0,0,0,0.46313983,0.46313983,0.46313983,0.4512561,0.46313983,0.4588719,24288,2382,0.0,0.05,0.19,0.33,0.27,0.13,0.03,4
319,319,37,4,18,2,6,2,6,2,29.0,4,10,3,15,16,8,12,4,0,3,0,0,0,1,0,0,0,0,0,0,0,0,0.48225668,0.4680525,0.4680525,0.4532785,0.48225668,0.48139918,27437,2534,0.01,0.1,0.26,0.32,0.21,0.09,0.01,4
320,320,32,3,21,4,9,4,9,4,24.0,3,9,3,3,16,8,21,4,0,7,1,1,0,1,1,1,0,0,0,0,0,0,0.45216858,0.45607293,0.45607293,0.44326192,0.45216858,0.45539185,26663,2451,0.01,0.12,0.32,0.3,0.18,0.06,0.01,4
321,321,1,2,1,2,1,2,1,2,1.0,2,3,3,5,4,0,18,19,0,7,1,1,0,1,1,1,0,0,0,0,0,0,0.50494504,0.50494504,0.50494504,0.48784915,0.50494504,0.5036567,27705,2725,0.05,0.13,0.25,0.27,0.19,0.1,0.02,4
322,322,12,3,10,3,4,3,3,3,12.0,3,7,3,8,18,2,7,24,0,3,0,1,1,2,2,2,0,0,0,0,0,0,0.50750244,0.4631398,0.4631398,0.4512561,0.4631398,0.4588719,24197,2329,0.0,0.08,0.28,0.4,0.18,0.05,0.01,4
323,323,8,3,14,3,1,2,1,2,3.0,2,1,2,2,10,4,0,13,0,3,2,2,0,1,1,1,0,0,0,0,0,0,0.4656243,0.4656243,0.4644867,0.45188904,0.4644867,0.45433113,26381,2424,0.01,0.17,0.36,0.31,0.12,0.03,0.0,4
324,324,19,4,24,3,20,4,20,4,26.0,4,31,4,7,0,15,15,24,1,3,0,1,1,2,1,2,0,0,0,0,0,0,0.4946499,0.4718438,0.4946499,0.48159125,0.4946499,0.484415,25206,2356,0.0,0.06,0.28,0.39,0.19,0.06,0.01,4
325,325,18,3,3,3,11,3,1,2,13.0,3,18,3,19,4,15,8,3,0,7,1,1,0,1,1,1,0,0,0,0,0,0,0.4652315,0.51215017,0.48333958,0.4669017,0.47558454,0.47540236,26051,2484,0.0,0.1,0.38,0.35,0.13,0.03,0.0,4
326,326,32,3,31,4,18,3,18,3,24.0,3,4,3,20,12,3,20,4,1,3,1,0,0,1,1,1,0,0,0,0,0,0,0.4631398,0.4675989,0.4631398,0.4512561,0.4631398,0.4558691,23739,2316,0.0,0.03,0.19,0.35,0.29,0.13,0.02,4
327,327,6,3,6,3,17,3,23,3,7.0,3,36,3,18,18,20,3,24,0,7,1,1,1,1,2,1,0,0,0,0,0,0,0.5152791,0.5152791,0.5152791,0.5021858,0.5152791,0.5067949,22569,2405,0.0,0.06,0.3,0.33,0.19,0.1,0.02,4
328,328,7,3,2,2,1,2,1,2,13.0,3,3,2,4,8,4,2,19,1,16,1,1,1,1,2,1,0,0,0,0,0,0,0.4631398,0.4631398,0.4631398,0.4512561,0.45711562,0.4588719,22628,2200,0.0,0.02,0.11,0.35,0.36,0.14,0.02,4
329,329,13,3,5,3,1,2,1,2,6.0,3,1,2,2,6,0,5,4,0,3,1,1,0,1,1,1,0,0,0,0,0,0,0.45216036,0.45904738,0.4631398,0.4512561,0.48483622,0.4588719,24646,2343,0.0,0.06,0.3,0.33,0.19,0.09,0.02,4
330,330,4,3,1,2,6,3,4,3,7.0,3,16,3,19,13,17,18,14,1,7,1,1,0,1,1,1,0,0,0,0,0,0,0.44165796,0.4631398,0.49085552,0.45086768,0.46222457,0.4588719,23873,2260,0.0,0.04,0.35,0.36,0.17,0.06,0.01,4
331,331,13,3,9,3,1,2,1,2,6.0,3,1,2,0,3,14,17,4,0,10,1,1,0,1,1,1,0,0,0,0,0,0,0.44960508,0.484774,0.46161753,0.44626313,0.46401405,0.45523593,25577,2398,0.02,0.17,0.32,0.29,0.15,0.05,0.01,4
332,332,17,3,30,3,18,3,18,3,25.0,3,12,3,22,13,10,4,13,0,3,1,1,0,1,1,1,0,0,0,0,0,0,0.4344419,0.46003148,0.45114434,0.43747595,0.4631398,0.4588719,23153,2200,0.0,0.02,0.1,0.25,0.36,0.23,0.04,4
333,333,3,3,8,2,5,2,5,2,10.0,3,8,2,0,11,1,4,17,0,7,1,1,0,1,1,1,0,0,0,0,0,0,0.48926783,0.4834316,0.4834316,0.46538872,0.48926783,0.47555786,23509,2261,0.0,0.06,0.22,0.33,0.24,0.12,0.03,4
334,334,5,3,3,2,17,3,25,4,7.0,3,38,4,9,13,20,18,19,0,7,1,1,1,1,2,1,0,0,0,0,0,0,0.46222457,0.4631398,0.4631398,0.43635345,0.46222457,0.44431078,24899,2388,0.0,0.06,0.29,0.34,0.21,0.08,0.02,4
335,335,16,3,20,3,16,3,16,3,24.0,3,5,3,8,12,5,4,17,0,7,1,1,1,1,1,1,0,0,0,0,0,0,0.4344419,0.46805245,0.4344419,0.42814162,0.4631398,0.45147642,21199,1863,0.0,0.03,0.19,0.33,0.26,0.14,0.03,4
336,336,15,3,6,2,1,2,1,2,8.0,3,3,2,1,16,0,8,3,0,7,1,1,0,1,1,1,0,0,0,0,0,0,0.4631398,0.4631398,0.4631398,0.4512561,0.5011362,0.4588719,23640,2165,0.0,0.1,0.36,0.35,0.14,0.03,0.0,4
337,337,36,3,33,3,6,3,5,3,36.0,3,3,3,10,12,14,2,10,1,7,1,1,0,1,2,1,0,1,0,0,0,0,0.42307147,0.3947957,0.42307147,0.4122989,0.42307147,0.4183769,21157,2041,0.0,0.03,0.18,0.43,0.27,0.08,0.01,4
338,338,7,4,14,3,11,4,11,4,6.0,3,1,2,13,0,8,21,4,0,3,1,2,0,1,1,1,0,0,0,0,0,0,0.4624461,0.44998264,0.4611615,0.44794276,0.44998264,0.43953764,21947,2075,0.01,0.07,0.24,0.32,0.24,0.11,0.01,4
339,339,12,3,26,4,18,3,18,3,12.0,3,27,3,0,14,15,11,24,1,10,0,3,1,2,1,1,0,0,0,0,0,0,0.4545803,0.4962475,0.4545803,0.440273,0.4545803,0.4485375,22873,2150,0.0,0.05,0.28,0.38,0.22,0.07,0.01,4
340,340,4,3,5,3,21,4,21,4,4.0,3,23,3,18,14,14,10,4,0,13,0,0,0,1,1,0,0,0,0,0,0,0,0.49520612,0.49520612,0.4631398,0.4512561,0.49520612,0.4588719,24101,2224,0.0,0.06,0.31,0.38,0.19,0.05,0.0,4
341,341,4,3,3,3,18,3,18,3,1.0,2,28,3,20,17,20,0,11,1,3,1,1,1,2,1,1,0,0,0,0,0,0,0.4524404,0.47232166,0.46432823,0.45211777,0.4616774,0.4563627,20824,2048,0.0,0.03,0.2,0.39,0.27,0.1,0.01,4
342,342,12,3,4,3,16,3,16,3,12.0,3,13,3,17,7,21,0,11,0,3,1,1,0,1,1,1,0,0,0,0,0,0,0.45196524,0.43268177,0.45196524,0.44038484,0.45196524,0.450158,22176,2127,0.0,0.07,0.27,0.35,0.22,0.08,0.01,4
343,343,34,4,19,3,7,3,7,3,26.0,4,9,3,15,16,14,1,4,0,7,1,1,0,1,1,1,0,0,0,0,0,0,0.42172754,0.45484275,0.45484275,0.44183788,0.42172754,0.46374083,22853,2160,0.0,0.06,0.24,0.32,0.24,0.11,0.03,4
344,344,36,3,19,3,1,2,3,2,36.0,3,1,2,2,6,14,17,3,0,7,2,2,1,1,2,1,0,0,0,0,0,0,0.4523968,0.4523968,0.4528198,0.44005913,0.4523968,0.44639874,22336,2088,0.0,0.07,0.39,0.38,0.13,0.03,0.0,4
345,345,3,3,4,3,4,3,1,2,6.0,3,11,4,19,0,15,4,17,0,7,1,1,0,1,1,1,0,0,0,0,0,0,0.4631398,0.4631398,0.4359183,0.4512561,0.4670873,0.47555786,22166,2108,0.0,0.08,0.28,0.3,0.2,0.11,0.03,4
346,346,2,2,2,2,1,2,2,2,0.0,1,9,3,18,10,0,19,4,0,7,1,1,0,1,1,1,0,0,0,0,0,0,0.4631398,0.4631398,0.4631398,0.4512561,0.4631398,0.4588719,26010,2422,0.06,0.14,0.33,0.27,0.13,0.05,0.01,4
347,347,12,3,5,3,6,3,3,2,12.0,3,16,3,19,6,8,17,3,0,3,0,1,1,1,1,1,0,0,0,0,0,0,0.50584704,0.46395364,0.49151817,0.45086768,0.46395364,0.4568474,24137,2261,0.01,0.1,0.47,0.32,0.09,0.02,0.0,4
348,348,12,3,13,3,16,3,16,3,12.0,3,5,3,11,19,13,0,17,0,3,1,1,0,1,1,1,0,0,0,0,0,0,0.5054249,0.47708893,0.5054249,0.48929188,0.5054249,0.49975538,22180,2036,0.0,0.05,0.32,0.4,0.17,0.04,0.0,4
349,349,8,3,29,3,2,2,5,3,9.0,3,4,3,4,22,2,4,11,1,7,0,1,0,1,1,1,0,0,0,0,0,0,0.4965585,0.48494655,0.4884131,0.4694224,0.4627731,0.48100933,20490,2034,0.0,0.01,0.13,0.34,0.34,0.15,0.02,4
350,350,6,2,2,2,1,2,2,2,2.0,2,13,3,0,13,17,19,0,1,7,1,1,0,1,1,1,0,0,0,0,0,0,0.46313983,0.46313983,0.46313983,0.4512561,0.46313983,0.4588719,21937,2112,0.0,0.07,0.26,0.35,0.2,0.1,0.03,4
351,351,3,3,3,3,18,3,18,3,3.0,3,20,3,15,13,8,18,4,0,7,1,1,0,1,1,0,0,0,0,0,0,0,0.50416076,0.50416076,0.5144091,0.49935216,0.50416076,0.50599563,20281,1911,0.02,0.11,0.34,0.32,0.15,0.06,0.01,4
352,352,4,3,4,3,4,3,3,3,6.0,3,9,3,4,22,19,17,0,0,3,1,1,0,1,1,1,0,0,1,0,0,0,0.44547132,0.44547132,0.41695046,0.4077723,0.4473708,0.45616066,15554,1562,0.01,0.05,0.2,0.35,0.28,0.1,0.01,4
353,353,33,3,30,3,19,3,19,3,25.0,3,21,3,9,19,3,6,4,0,7,0,0,0,1,1,0,0,0,0,0,0,0,0.47261986,0.4675989,0.47261986,0.4582185,0.47261986,0.4664809,20011,2043,0.0,0.02,0.08,0.16,0.26,0.33,0.14,4
354,354,36,3,33,3,9,3,10,3,36.0,3,5,3,2,13,13,3,14,1,7,1,1,0,1,1,1,0,0,0,0,0,0,0.4631398,0.43203363,0.48263696,0.4221148,0.4631398,0.4588719,20879,2012,0.0,0.02,0.17,0.35,0.29,0.14,0.03,4
355,355,9,3,29,3,17,3,17,3,9.0,3,18,3,8,11,15,4,11,0,7,0,1,0,1,1,1,0,0,0,0,0,0,0.47458097,0.46003148,0.45114434,0.43747595,0.43652797,0.4588719,20160,1937,0.0,0.03,0.21,0.4,0.25,0.09,0.01,4
356,356,17,3,24,3,4,2,9,3,24.0,3,6,3,7,0,21,14,2,0,7,1,1,0,2,1,1,0,0,0,0,0,0,0.4631398,0.4631398,0.4631398,0.4512561,0.4631398,0.4588719,20001,1919,0.0,0.02,0.16,0.38,0.3,0.12,0.02,4
357,357,4,3,13,3,16,3,16,3,12.0,3,12,2,12,13,11,0,17,0,7,1,1,0,1,1,1,0,0,0,0,0,0,0.44819066,0.43897042,0.4631398,0.4512561,0.4631398,0.4588719,21204,1973,0.0,0.04,0.21,0.38,0.26,0.09,0.01,4
358,358,4,3,27,3,18,3,18,3,12.0,3,6,3,12,0,13,11,24,0,10,1,1,0,1,1,1,1,1,0,0,0,1,0.4631398,0.4631398,0.4631398,0.4512561,0.4631398,0.4588719,20380,1899,0.0,0.02,0.17,0.37,0.29,0.12,0.02,4
